configuration,seed,gradient_step,train_latent_loss,embedding_std_mean,embedding_std_min,embedding_std_max,effective_rank
norm_0_loss_l2_ema_fixed,7,20,0.00025700870901346207,0.007835473865270615,0.0006040658336132765,0.02050064504146576,1.2001312971115112
norm_0_loss_l2_ema_fixed,7,40,5.947068348177709e-05,0.003777327947318554,0.000990980421192944,0.00929755438119173,1.42888343334198
norm_0_loss_l2_ema_fixed,7,60,1.4291236766439397e-05,0.0038676150143146515,0.000928745896089822,0.01007862389087677,1.4803071022033691
norm_0_loss_l2_ema_fixed,7,80,1.1748152246582322e-05,0.0043669757433235645,0.000972751178778708,0.011913314461708069,1.4740548133850098
norm_0_loss_l2_ema_fixed,7,100,1.0400172868685331e-05,0.005176460836082697,0.0003912943066097796,0.014432606287300587,1.4395378828048706
norm_0_loss_l2_ema_fixed,7,120,1.0308976925443858e-05,0.006451284978538752,0.0013447270030155778,0.017960377037525177,1.3707326650619507
norm_0_loss_l2_ema_fixed,7,140,1.046796933223959e-05,0.007823352701961994,0.0011789859272539616,0.02258906327188015,1.295874834060669
norm_0_loss_l2_ema_fixed,7,160,2.024602326855529e-05,0.009122383780777454,0.0009077808354049921,0.026670578867197037,1.2490251064300537
norm_0_loss_l2_ema_fixed,7,180,1.6766223779995926e-05,0.01018678117543459,0.0007763213361613452,0.029309377074241638,1.2279975414276123
norm_0_loss_l2_ema_fixed,7,200,1.3630575267598033e-05,0.011591225862503052,0.0006301968824118376,0.032799750566482544,1.2068369388580322
norm_0_loss_l2_ema_fixed,7,220,1.540392986498773e-05,0.013134337961673737,0.0006742915138602257,0.0364401638507843,1.188244342803955
norm_0_loss_l2_ema_fixed,7,240,1.4604132957174443e-05,0.014714163728058338,0.0008676552679389715,0.04005786404013634,1.1717435121536255
norm_0_loss_l2_ema_fixed,7,260,1.827842424972914e-05,0.01676974631845951,0.0011231303215026855,0.04567167907953262,1.1559301614761353
norm_0_loss_l2_ema_fixed,7,280,3.744748391909525e-05,0.018169468268752098,0.0009357674862258136,0.049437038600444794,1.1484936475753784
norm_0_loss_l2_ema_fixed,7,300,1.7365236999467015e-05,0.02109362743794918,0.0006695805350318551,0.0575290210545063,1.130834937095642
norm_0_loss_l2_ema_fixed,7,320,0.00011749525583581999,0.022906700149178505,0.0006518944283016026,0.06226624920964241,1.12992262840271
norm_0_loss_l2_ema_fixed,7,340,2.03316976694623e-05,0.02588503062725067,0.0009018800919875503,0.07031094282865524,1.1206660270690918
norm_0_loss_l2_ema_fixed,7,360,0.00021692652080673724,0.02805734984576702,0.0011340173659846187,0.07584339380264282,1.120919108390808
norm_0_loss_l2_ema_fixed,7,380,2.7793344997917302e-05,0.03036501072347164,0.0015015657991170883,0.08192090690135956,1.1168482303619385
norm_0_loss_l2_ema_fixed,7,400,1.4365757124323864e-05,0.03382979333400726,0.002149924635887146,0.09091921895742416,1.1132622957229614
norm_0_loss_l2_ema_fixed,7,420,8.426963904639706e-05,0.03465047851204872,0.0023376515600830317,0.09248549491167068,1.1218507289886475
norm_0_loss_l2_ema_fixed,7,440,4.043913577334024e-05,0.03948410972952843,0.0022517566103488207,0.10490550845861435,1.1147550344467163
norm_0_loss_l2_ema_fixed,7,460,0.0003162715584039688,0.04124986752867699,0.0019449909450486302,0.10867935419082642,1.1222045421600342
norm_0_loss_l2_ema_fixed,7,480,1.4767116226721555e-05,0.0448930561542511,0.002122953999787569,0.1180148795247078,1.1163585186004639
norm_0_loss_l2_ema_fixed,7,500,1.7379996279487386e-05,0.047604937106370926,0.001902970252558589,0.12379243224859238,1.1216678619384766
norm_0_loss_l2_ema_fixed,7,520,5.887149745831266e-05,0.04815594479441643,0.001975063467398286,0.12426899373531342,1.129663348197937
norm_0_loss_l2_ema_fixed,7,540,3.593360088416375e-05,0.05462159588932991,0.0024101624730974436,0.13996072113513947,1.1200367212295532
norm_0_loss_l2_ema_fixed,7,560,1.0888819815590978e-05,0.05760036036372185,0.0026719195302575827,0.14632391929626465,1.1230725049972534
norm_0_loss_l2_ema_fixed,7,580,1.304671422985848e-05,0.0597129762172699,0.0030666368547827005,0.15080781280994415,1.1254875659942627
norm_0_loss_l2_ema_fixed,7,600,4.566530151350889e-06,0.06341438740491867,0.0034736404195427895,0.15906420350074768,1.1261502504348755
norm_0_loss_l2_ema_fixed,7,620,6.582451078429585e-06,0.06647409498691559,0.003597161965444684,0.16586315631866455,1.1272008419036865
norm_0_loss_l2_ema_fixed,7,640,1.3286786270327866e-05,0.07020554691553116,0.0037509207613766193,0.1741977483034134,1.1275218725204468
norm_0_loss_l2_ema_fixed,7,660,0.00011364901001797989,0.07275840640068054,0.0038209666963666677,0.17933979630470276,1.1301668882369995
norm_0_loss_l2_ema_fixed,7,680,0.0001205325243063271,0.07482213526964188,0.0038381353951990604,0.18410851061344147,1.1317331790924072
norm_0_loss_l2_ema_fixed,7,700,0.00010381529136793688,0.07669512182474136,0.0036565298214554787,0.18818336725234985,1.1337600946426392
norm_0_loss_l2_ema_fixed,7,720,9.20610546017997e-06,0.08213133364915848,0.003873225999996066,0.1998148262500763,1.133409023284912
norm_0_loss_l2_ema_fixed,7,740,2.0326573576312512e-05,0.08465129882097244,0.003999979235231876,0.20462052524089813,1.1362180709838867
norm_0_loss_l2_ema_fixed,7,760,0.00017336371820420027,0.08741438388824463,0.004068305250257254,0.21037617325782776,1.1379544734954834
norm_0_loss_l2_ema_fixed,7,780,1.8148419258068316e-05,0.0892091915011406,0.003630406688898802,0.21449771523475647,1.139961838722229
norm_0_loss_l2_ema_fixed,7,800,9.33807223191252e-06,0.09245618432760239,0.0038458595518022776,0.22153794765472412,1.1411303281784058
norm_0_loss_l2_ema_fixed,7,820,7.647497113794088e-05,0.09278032183647156,0.0037199726793915033,0.22128665447235107,1.1456329822540283
norm_0_loss_l2_ema_fixed,7,840,4.144658305449411e-05,0.09817007929086685,0.0037292030174285173,0.2337360829114914,1.1450061798095703
norm_0_loss_l2_ema_fixed,7,860,7.252825071191182e-06,0.09958045929670334,0.0038967556320130825,0.23628298938274384,1.1475300788879395
norm_0_loss_l2_ema_fixed,7,880,1.6275844245683402e-05,0.10136816650629044,0.003999669570475817,0.23997345566749573,1.149598240852356
norm_0_loss_l2_ema_fixed,7,900,1.7381882571498863e-05,0.10262852907180786,0.004102292936295271,0.24231362342834473,1.153448224067688
norm_0_loss_l2_ema_fixed,7,920,2.6529687602305785e-05,0.10665903240442276,0.004106253385543823,0.25162771344184875,1.1539149284362793
norm_0_loss_l2_ema_fixed,7,940,8.519346010871232e-06,0.10811402648687363,0.004620429128408432,0.25424501299858093,1.1562634706497192
norm_0_loss_l2_ema_fixed,7,960,9.575593139743432e-06,0.10955408215522766,0.005033131688833237,0.2571529746055603,1.1588317155838013
norm_0_loss_l2_ema_fixed,7,980,2.8292215574765578e-05,0.11223544925451279,0.005556244403123856,0.2619657516479492,1.1625077724456787
norm_0_loss_l2_ema_fixed,7,1000,1.069893733074423e-05,0.11390051990747452,0.0058671459555625916,0.26589256525039673,1.1643426418304443
norm_0_loss_l2_ema_fixed,7,1020,7.583440492453519e-06,0.11497991532087326,0.0065778582356870174,0.26750579476356506,1.1667299270629883
norm_0_loss_l2_ema_fixed,7,1040,7.442093192366883e-06,0.1162608191370964,0.0073160347528755665,0.26966679096221924,1.1701271533966064
norm_0_loss_l2_ema_fixed,7,1060,6.94351138008642e-06,0.11740534752607346,0.007782928179949522,0.27152854204177856,1.1739871501922607
norm_0_loss_l2_ema_fixed,7,1080,0.0005172402015887201,0.11616513878107071,0.007967459969222546,0.2686184346675873,1.1793686151504517
norm_0_loss_l2_ema_fixed,7,1100,2.7683470761985518e-05,0.1193285584449768,0.008063264191150665,0.27438002824783325,1.1785004138946533
norm_0_loss_l2_ema_fixed,7,1120,1.1429513506300282e-05,0.12149140238761902,0.008058321662247181,0.278138667345047,1.1818435192108154
norm_0_loss_l2_ema_fixed,7,1140,7.3251203502877615e-06,0.12271946668624878,0.00818157009780407,0.27983835339546204,1.187058925628662
norm_0_loss_l2_ema_fixed,7,1160,6.56971087664715e-06,0.12359276413917542,0.008325423114001751,0.2809687852859497,1.1923813819885254
norm_0_loss_l2_ema_fixed,7,1180,6.276965905271936e-06,0.12428417056798935,0.008477836847305298,0.28169065713882446,1.1977767944335938
norm_0_loss_l2_ema_fixed,7,1200,6.072224550734973e-06,0.12491554021835327,0.008644095622003078,0.28230851888656616,1.203315019607544
norm_0_loss_l2_ema_fixed,7,1220,5.872396286576986e-06,0.12548471987247467,0.008832324296236038,0.2827991247177124,1.2091227769851685
norm_0_loss_l2_ema_fixed,7,1240,6.687609129585326e-06,0.12601952254772186,0.009055245667696,0.28329119086265564,1.2150964736938477
norm_0_loss_l2_ema_fixed,7,1260,0.00032056300551630557,0.12431805580854416,0.009607053361833096,0.27883386611938477,1.208366870880127
norm_0_loss_l2_ema_fixed,7,1280,4.831435580854304e-05,0.12792041897773743,0.008379570208489895,0.2823309004306793,1.2151448726654053
norm_0_loss_l2_ema_fixed,7,1300,1.0345124792365823e-05,0.13019149005413055,0.008664474822580814,0.2851056456565857,1.2231324911117554
norm_0_loss_l2_ema_fixed,7,1320,6.487594419013476e-06,0.1308337301015854,0.00918601918965578,0.28497788310050964,1.2322075366973877
norm_0_loss_l2_ema_fixed,7,1340,5.95247593082604e-06,0.1312100887298584,0.009726820513606071,0.284609317779541,1.2405542135238647
norm_0_loss_l2_ema_fixed,7,1360,5.644314569508424e-06,0.1316726952791214,0.01024708617478609,0.28456494212150574,1.2477071285247803
norm_0_loss_l2_ema_fixed,7,1380,5.433948899735697e-06,0.13197191059589386,0.010737080127000809,0.2842937707901001,1.2543269395828247
norm_0_loss_l2_ema_fixed,7,1400,5.249673449725378e-06,0.13219167292118073,0.011209842748939991,0.283947616815567,1.2606053352355957
norm_0_loss_l2_ema_fixed,7,1420,5.079779839434195e-06,0.13230733573436737,0.01166560035198927,0.28346866369247437,1.2667218446731567
norm_0_loss_l2_ema_fixed,7,1440,4.916459147352725e-06,0.13233448565006256,0.012100807391107082,0.28288713097572327,1.272718906402588
norm_0_loss_l2_ema_fixed,17,20,0.00029250801890157163,0.007153715938329697,0.0011452193139120936,0.013432295061647892,1.1873079538345337
norm_0_loss_l2_ema_fixed,17,40,4.4367621740093455e-05,0.0038356136064976454,0.0008155493997037411,0.007880180142819881,1.3248558044433594
norm_0_loss_l2_ema_fixed,17,60,1.3383964869717602e-05,0.0036151036620140076,0.0008170430664904416,0.007464516907930374,1.3492642641067505
norm_0_loss_l2_ema_fixed,17,80,8.33827471069526e-06,0.004124531056731939,0.0006184788653627038,0.009086791425943375,1.307892918586731
norm_0_loss_l2_ema_fixed,17,100,7.79531092121033e-06,0.0049710520543158054,0.0010398851009085774,0.011395638808608055,1.2586899995803833
norm_0_loss_l2_ema_fixed,17,120,7.307418400159804e-06,0.006036307662725449,0.00045134517131373286,0.014245602302253246,1.2190195322036743
norm_0_loss_l2_ema_fixed,17,140,7.362619726336561e-06,0.007423883303999901,0.0011140198912471533,0.017755921930074692,1.1890439987182617
norm_0_loss_l2_ema_fixed,17,160,7.736356565146707e-06,0.009237767197191715,0.0007593692280352116,0.022195789963006973,1.1666899919509888
norm_0_loss_l2_ema_fixed,17,180,8.38305368233705e-06,0.01170134637504816,0.0015586910303682089,0.028052804991602898,1.1494855880737305
norm_0_loss_l2_ema_fixed,17,200,9.096685971599072e-06,0.015090840868651867,0.0009985187789425254,0.036131925880908966,1.135066032409668
norm_0_loss_l2_ema_fixed,17,220,9.486921044299379e-06,0.01968720741569996,0.0005109492340125144,0.04735071584582329,1.121911883354187
norm_0_loss_l2_ema_fixed,17,240,2.6367599275545217e-05,0.025544369593262672,0.0016299458220601082,0.06682965904474258,1.1104131937026978
norm_0_loss_l2_ema_fixed,17,260,1.2637371582968626e-05,0.029960619285702705,0.0020454218611121178,0.08218036592006683,1.1056495904922485
norm_0_loss_l2_ema_fixed,17,280,6.811619641666766e-06,0.03647423908114433,0.001902277464978397,0.10448075085878372,1.0968728065490723
norm_0_loss_l2_ema_fixed,17,300,1.2051685189362615e-05,0.04099070653319359,0.003063176991418004,0.11928527057170868,1.0945810079574585
norm_0_loss_l2_ema_fixed,17,320,1.2907740710943472e-05,0.046415749937295914,0.005121343303471804,0.13635212182998657,1.0909712314605713
norm_0_loss_l2_ema_fixed,17,340,5.952903848083224e-06,0.051908016204833984,0.0069063929840922356,0.1534007489681244,1.0887638330459595
norm_0_loss_l2_ema_fixed,17,360,2.1290299628162757e-05,0.05738283321261406,0.006326977629214525,0.17019422352313995,1.0873240232467651
norm_0_loss_l2_ema_fixed,17,380,2.266808587592095e-05,0.06190863624215126,0.005333461333066225,0.18502937257289886,1.0878703594207764
norm_0_loss_l2_ema_fixed,17,400,8.666591384098865e-06,0.06709235161542892,0.005234438460320234,0.20172320306301117,1.0866619348526
norm_0_loss_l2_ema_fixed,17,420,4.755396003019996e-05,0.07073909044265747,0.0029456927441060543,0.21337634325027466,1.0883982181549072
norm_0_loss_l2_ema_fixed,17,440,3.1515417049376993e-06,0.07536569982767105,0.003345231292769313,0.22859326004981995,1.0869191884994507
norm_0_loss_l2_ema_fixed,17,460,0.000182575749931857,0.0750076174736023,0.004696553107351065,0.22822192311286926,1.0885601043701172
norm_0_loss_l2_ema_fixed,17,480,2.2523374354932457e-05,0.08014135807752609,0.003921480383723974,0.24280402064323425,1.0876457691192627
norm_0_loss_l2_ema_fixed,17,500,7.022709269222105e-06,0.0855669155716896,0.0037972740828990936,0.25953438878059387,1.0866450071334839
norm_0_loss_l2_ema_fixed,17,520,0.00010276821558363736,0.09007582813501358,0.003707784228026867,0.27383095026016235,1.0850818157196045
norm_0_loss_l2_ema_fixed,17,540,2.5335304599138908e-05,0.09012625366449356,0.0032880285289138556,0.2736798822879791,1.0883724689483643
norm_0_loss_l2_ema_fixed,17,560,7.556258424301632e-06,0.09377104789018631,0.002832735888659954,0.2844146192073822,1.0887514352798462
norm_0_loss_l2_ema_fixed,17,580,7.2429115789418574e-06,0.09589903801679611,0.0027297153137624264,0.29059985280036926,1.0892716646194458
norm_0_loss_l2_ema_fixed,17,600,1.181841525976779e-05,0.09795814752578735,0.0030777750071138144,0.29625365138053894,1.0911003351211548
norm_0_loss_l2_ema_fixed,17,620,4.857999556406867e-06,0.09969544410705566,0.004096653778105974,0.3009117841720581,1.0919946432113647
norm_0_loss_l2_ema_fixed,17,640,5.772265012637945e-06,0.10214376449584961,0.004346614237874746,0.3074539005756378,1.0927050113677979
norm_0_loss_l2_ema_fixed,17,660,0.00027976688579656184,0.1035446897149086,0.004294324200600386,0.3109867572784424,1.0933302640914917
norm_0_loss_l2_ema_fixed,17,680,3.1004634365672246e-05,0.10631903260946274,0.0057023330591619015,0.3183140754699707,1.0957108736038208
norm_0_loss_l2_ema_fixed,17,700,7.6997766882414e-06,0.1067638173699379,0.0062719532288610935,0.318655788898468,1.0973540544509888
norm_0_loss_l2_ema_fixed,17,720,4.398739747557556e-06,0.10768578201532364,0.0070326728746294975,0.3204062879085541,1.0989524126052856
norm_0_loss_l2_ema_fixed,17,740,6.468981882790104e-05,0.10674426704645157,0.007917813025414944,0.31653642654418945,1.101765513420105
norm_0_loss_l2_ema_fixed,17,760,2.6019401047960855e-05,0.1109476312994957,0.009500307030975819,0.32821109890937805,1.1028857231140137
norm_0_loss_l2_ema_fixed,17,780,4.734004960482707e-06,0.11061664670705795,0.01045658066868782,0.326427161693573,1.1054139137268066
norm_0_loss_l2_ema_fixed,17,800,4.66513756691711e-06,0.11142518371343613,0.011571552604436874,0.32786843180656433,1.1072884798049927
norm_0_loss_l2_ema_fixed,17,820,4.366190296423156e-06,0.11187833547592163,0.012829164043068886,0.3281683325767517,1.1095107793807983
norm_0_loss_l2_ema_fixed,17,840,3.1693267374066636e-05,0.11425242573022842,0.014399941079318523,0.33437076210975647,1.111579418182373
norm_0_loss_l2_ema_fixed,17,860,6.463449153670808e-06,0.11342376470565796,0.015925927087664604,0.3312537968158722,1.1155561208724976
norm_0_loss_l2_ema_fixed,17,880,5.408047854871256e-06,0.1135820671916008,0.016009654849767685,0.33106479048728943,1.118166208267212
norm_0_loss_l2_ema_fixed,17,900,3.923734766431153e-06,0.11417099088430405,0.016642527654767036,0.33193376660346985,1.1206519603729248
norm_0_loss_l2_ema_fixed,17,920,3.658145033114124e-06,0.11447155475616455,0.017441529780626297,0.33192217350006104,1.1235440969467163
norm_0_loss_l2_ema_fixed,17,940,3.7381385027401848e-06,0.11463487148284912,0.018239513039588928,0.3315272033214569,1.126708984375
norm_0_loss_l2_ema_fixed,17,960,1.1531790732988156e-05,0.11657445877790451,0.018727287650108337,0.3366298973560333,1.1298916339874268
norm_0_loss_l2_ema_fixed,17,980,1.4675665624963585e-05,0.11571118235588074,0.017353801056742668,0.3337840437889099,1.1346808671951294
norm_0_loss_l2_ema_fixed,17,1000,4.786316367244581e-06,0.11578705906867981,0.017222963273525238,0.3336017429828644,1.1378740072250366
norm_0_loss_l2_ema_fixed,17,1020,3.527769649736001e-06,0.11606186628341675,0.017191892489790916,0.3337211310863495,1.141324758529663
norm_0_loss_l2_ema_fixed,17,1040,3.3218277621926973e-06,0.1161176934838295,0.017134781926870346,0.33317217230796814,1.1452544927597046
norm_0_loss_l2_ema_fixed,17,1060,3.2525670121685835e-06,0.1162368655204773,0.017096100375056267,0.3328815698623657,1.1493252515792847
norm_0_loss_l2_ema_fixed,17,1080,3.305832069600001e-05,0.11681126803159714,0.01708586886525154,0.33437439799308777,1.1525036096572876
norm_0_loss_l2_ema_fixed,17,1100,3.0117616915958934e-05,0.11711263656616211,0.01631036400794983,0.3344123065471649,1.1559934616088867
norm_0_loss_l2_ema_fixed,17,1120,4.721562618215103e-06,0.11651548743247986,0.015623502433300018,0.33239707350730896,1.1615698337554932
norm_0_loss_l2_ema_fixed,17,1140,3.476673100522021e-06,0.11678961664438248,0.015403741039335728,0.33281099796295166,1.166438102722168
norm_0_loss_l2_ema_fixed,17,1160,3.083019919358776e-06,0.11682514101266861,0.015328696928918362,0.33244699239730835,1.1714109182357788
norm_0_loss_l2_ema_fixed,17,1180,1.3338979442778509e-05,0.11635611206293106,0.015309397131204605,0.3301556706428528,1.177020788192749
norm_0_loss_l2_ema_fixed,17,1200,3.4395725378999487e-05,0.11660183221101761,0.014133954420685768,0.33044788241386414,1.1795976161956787
norm_0_loss_l2_ema_fixed,17,1220,6.666167337243678e-06,0.11767413467168808,0.013748859986662865,0.334354043006897,1.1840925216674805
norm_0_loss_l2_ema_fixed,17,1240,3.5033469885092927e-06,0.11738558858633041,0.013559401035308838,0.33298370242118835,1.190761923789978
norm_0_loss_l2_ema_fixed,17,1260,2.98973986900819e-06,0.11755559593439102,0.013557910919189453,0.3331017792224884,1.1965503692626953
norm_0_loss_l2_ema_fixed,17,1280,3.5270511489216005e-06,0.11761697381734848,0.01358506828546524,0.333016574382782,1.20208740234375
norm_0_loss_l2_ema_fixed,17,1300,3.2991803891491145e-05,0.11663421988487244,0.012813117355108261,0.3293854296207428,1.2055869102478027
norm_0_loss_l2_ema_fixed,17,1320,4.7029589040903375e-06,0.1182422935962677,0.012859701178967953,0.33464980125427246,1.2114375829696655
norm_0_loss_l2_ema_fixed,17,1340,3.1292456696974114e-06,0.118217833340168,0.012740489095449448,0.3341013193130493,1.218924641609192
norm_0_loss_l2_ema_fixed,17,1360,4.969983820046764e-06,0.11823993176221848,0.012824034318327904,0.33401837944984436,1.2249507904052734
norm_0_loss_l2_ema_fixed,17,1380,1.312728909397265e-05,0.11813380569219589,0.012205040082335472,0.33303654193878174,1.2282164096832275
norm_0_loss_l2_ema_fixed,17,1400,3.79171274289547e-06,0.1184808611869812,0.012260053306818008,0.33417221903800964,1.2370223999023438
norm_0_loss_l2_ema_fixed,17,1420,8.508945029461756e-06,0.11875537782907486,0.012364482507109642,0.33494657278060913,1.2433644533157349
norm_0_loss_l2_ema_fixed,17,1440,6.399296125891851e-06,0.11846815794706345,0.012146085500717163,0.33332642912864685,1.2491569519042969
norm_0_loss_l2_ema_fixed,27,20,0.0003918479196727276,0.004592332057654858,0.0004420385812409222,0.014437920413911343,1.1613693237304688
norm_0_loss_l2_ema_fixed,27,40,3.0938412237446755e-05,0.0031775792594999075,0.00020391395082697272,0.010076135396957397,1.222947597503662
norm_0_loss_l2_ema_fixed,27,60,1.6002441043383442e-05,0.003102687420323491,0.00012659224739763886,0.009248973801732063,1.2277541160583496
norm_0_loss_l2_ema_fixed,27,80,9.480117114435416e-06,0.0031813543755561113,0.00024684047093614936,0.008685448206961155,1.2233160734176636
norm_0_loss_l2_ema_fixed,27,100,9.532112017041072e-06,0.0034373740199953318,0.00027728063287213445,0.008494911715388298,1.208869218826294
norm_0_loss_l2_ema_fixed,27,120,9.081070857064333e-06,0.003832947462797165,0.0003424581664148718,0.00912795402109623,1.1895530223846436
norm_0_loss_l2_ema_fixed,27,140,8.657764738018159e-06,0.004492275416851044,0.00016402883920818567,0.010607615113258362,1.1662814617156982
norm_0_loss_l2_ema_fixed,27,160,8.155690920830239e-06,0.005545374006032944,0.0007630006293766201,0.01319795660674572,1.140770673751831
norm_0_loss_l2_ema_fixed,27,180,7.516868208767846e-06,0.00707702711224556,0.0012317630462348461,0.0169475469738245,1.114734411239624
norm_0_loss_l2_ema_fixed,27,200,6.753528396075126e-06,0.009295017458498478,0.0009070283267647028,0.023688791319727898,1.0905264616012573
norm_0_loss_l2_ema_fixed,27,220,5.884749498363817e-06,0.012262310832738876,0.000771526712924242,0.03438820317387581,1.0709353685379028
norm_0_loss_l2_ema_fixed,27,240,4.935342531098286e-06,0.01547201443463564,0.001332017476670444,0.047680724412202835,1.0574328899383545
norm_0_loss_l2_ema_fixed,27,260,3.984181603300385e-06,0.01850411854684353,0.0015570116229355335,0.06193963810801506,1.049078106880188
norm_0_loss_l2_ema_fixed,27,280,2.807768851198489e-06,0.02204708941280842,0.0014500365359708667,0.07863615453243256,1.0442081689834595
norm_0_loss_l2_ema_fixed,27,300,1.6975690186882275e-06,0.02589859999716282,0.00047583330888301134,0.09694904834032059,1.04165780544281
norm_0_loss_l2_ema_fixed,27,320,1.5661796624044655e-06,0.029343685135245323,0.002626447705551982,0.11364531517028809,1.0396450757980347
norm_0_loss_l2_ema_fixed,27,340,2.0360314465506235e-06,0.03268497809767723,0.004077423829585314,0.12944753468036652,1.0384966135025024
norm_0_loss_l2_ema_fixed,27,360,3.8105433759483276e-06,0.036525383591651917,0.0022720908746123314,0.14795395731925964,1.0365653038024902
norm_0_loss_l2_ema_fixed,27,380,6.077657872083364e-06,0.039897821843624115,0.0011359368218109012,0.16436687111854553,1.0354413986206055
norm_0_loss_l2_ema_fixed,27,400,1.0543839380261488e-05,0.04317876324057579,0.00030922447331249714,0.1803116798400879,1.0348410606384277
norm_0_loss_l2_ema_fixed,27,420,7.130781796149677e-06,0.0462319441139698,0.0007358024013228714,0.19392183423042297,1.0350290536880493
norm_0_loss_l2_ema_fixed,27,440,2.363564135521301e-06,0.0487055666744709,0.0017712253611534834,0.20513734221458435,1.0352927446365356
norm_0_loss_l2_ema_fixed,27,460,1.2483771570259705e-05,0.05121377110481262,0.000358569755917415,0.21626877784729004,1.0361145734786987
norm_0_loss_l2_ema_fixed,27,480,2.1330835807020776e-05,0.05407716706395149,0.0004154107882641256,0.22827309370040894,1.0369499921798706
norm_0_loss_l2_ema_fixed,27,500,1.6266945749521255e-05,0.05684171989560127,0.001758854603394866,0.2386104315519333,1.0375198125839233
norm_0_loss_l2_ema_fixed,27,520,1.921949296956882e-05,0.06003722548484802,0.002470178296789527,0.24939964711666107,1.0384397506713867
norm_0_loss_l2_ema_fixed,27,540,2.9088200790283736e-06,0.06348655372858047,0.0033289731945842505,0.2608908414840698,1.0386974811553955
norm_0_loss_l2_ema_fixed,27,560,6.077002763049677e-05,0.06529390811920166,0.0038985852152109146,0.2655506134033203,1.04081392288208
norm_0_loss_l2_ema_fixed,27,580,9.567831511958502e-06,0.06729955226182938,0.003960224334150553,0.27201950550079346,1.040575623512268
norm_0_loss_l2_ema_fixed,27,600,3.1052229587658076e-06,0.0699051097035408,0.005020839627832174,0.27952325344085693,1.0417134761810303
norm_0_loss_l2_ema_fixed,27,620,2.7400647013564594e-06,0.0721559152007103,0.005977310240268707,0.28544485569000244,1.0424084663391113
norm_0_loss_l2_ema_fixed,27,640,4.938689926348161e-06,0.07351212948560715,0.006792083382606506,0.2878207862377167,1.043337345123291
norm_0_loss_l2_ema_fixed,27,660,1.280344895349117e-05,0.07319506257772446,0.0060875569470226765,0.28551045060157776,1.0443565845489502
norm_0_loss_l2_ema_fixed,27,680,2.66594315689872e-06,0.07629608362913132,0.006863197311758995,0.2955732047557831,1.0451732873916626
norm_0_loss_l2_ema_fixed,27,700,2.6643053843145026e-06,0.07821580022573471,0.00753762386739254,0.30064791440963745,1.04576575756073
norm_0_loss_l2_ema_fixed,27,720,2.427692379569635e-06,0.07930359989404678,0.00726075004786253,0.30257993936538696,1.046459674835205
norm_0_loss_l2_ema_fixed,27,740,2.3103964394977083e-06,0.08031243830919266,0.005614165216684341,0.3043466806411743,1.0470783710479736
norm_0_loss_l2_ema_fixed,27,760,0.00012229991261847317,0.08241505175828934,0.004038169980049133,0.31086432933807373,1.0464129447937012
norm_0_loss_l2_ema_fixed,27,780,1.6898829926503822e-05,0.08228959888219833,0.004878944717347622,0.309263676404953,1.0487970113754272
norm_0_loss_l2_ema_fixed,27,800,4.100118985661538e-06,0.08279285579919815,0.0041226777248084545,0.309663861989975,1.0496912002563477
norm_0_loss_l2_ema_fixed,27,820,2.0678014607256046e-06,0.08356057852506638,0.0029566066805273294,0.31094643473625183,1.0503029823303223
norm_0_loss_l2_ema_fixed,27,840,1.9951676222262904e-06,0.08407752960920334,0.0019536809995770454,0.31129905581474304,1.0509953498840332
norm_0_loss_l2_ema_fixed,27,860,1.86857039352617e-06,0.08463933318853378,0.0015101608587428927,0.3118458092212677,1.0516120195388794
norm_0_loss_l2_ema_fixed,27,880,1.8427422219247092e-06,0.08521745353937149,0.0019366091582924128,0.31241998076438904,1.0521893501281738
norm_0_loss_l2_ema_fixed,27,900,4.265679308446124e-05,0.085877425968647,0.0018218611367046833,0.3142523765563965,1.0534530878067017
norm_0_loss_l2_ema_fixed,27,920,6.7631981437443756e-06,0.08640655130147934,0.001718165003694594,0.31565988063812256,1.0545234680175781
norm_0_loss_l2_ema_fixed,27,940,2.3551256163045764e-06,0.08673655241727829,0.0019554365426301956,0.3155658543109894,1.0553083419799805
norm_0_loss_l2_ema_fixed,27,960,1.6971169998214464e-06,0.08723348379135132,0.0024284112732857466,0.3159736394882202,1.0560691356658936
norm_0_loss_l2_ema_fixed,27,980,1.5761514760015416e-06,0.08759532123804092,0.0030096524860709906,0.3158937394618988,1.0568362474441528
norm_0_loss_l2_ema_fixed,27,1000,1.497466428190819e-06,0.08792515844106674,0.0036138633731752634,0.31574955582618713,1.0575600862503052
norm_0_loss_l2_ema_fixed,27,1020,1.4275841522248811e-06,0.0882364884018898,0.0042016031220555305,0.3155888020992279,1.0582658052444458
norm_0_loss_l2_ema_fixed,27,1040,1.3616891010315157e-06,0.08850765228271484,0.004756915848702192,0.3153245151042938,1.058973789215088
norm_0_loss_l2_ema_fixed,27,1060,1.3034886023888248e-06,0.08876242488622665,0.004726007580757141,0.3150446116924286,1.0596786737442017
norm_0_loss_l2_ema_fixed,27,1080,0.00017226625641342252,0.08862266689538956,0.004367342684417963,0.31447237730026245,1.0593993663787842
norm_0_loss_l2_ema_fixed,27,1100,1.542731411063869e-06,0.0896257534623146,0.0035182612482458353,0.3177221417427063,1.0627795457839966
norm_0_loss_l2_ema_fixed,27,1120,1.3181210078982986e-06,0.09028300642967224,0.0033888458274304867,0.319479763507843,1.0631990432739258
norm_0_loss_l2_ema_fixed,27,1140,1.3340435316422372e-06,0.09040162712335587,0.0035106828436255455,0.3187401592731476,1.0641762018203735
norm_0_loss_l2_ema_fixed,27,1160,1.1984014918198227e-06,0.09069457650184631,0.0036533998791128397,0.31859809160232544,1.065098524093628
norm_0_loss_l2_ema_fixed,27,1180,1.1408578757254872e-06,0.09092506021261215,0.0037703518755733967,0.31829291582107544,1.0659464597702026
norm_0_loss_l2_ema_fixed,27,1200,1.090625460165029e-06,0.09115634113550186,0.003865619422867894,0.3179979920387268,1.066843032836914
norm_0_loss_l2_ema_fixed,27,1220,1.045223257278849e-06,0.09135609865188599,0.003934402950108051,0.31762176752090454,1.0677647590637207
norm_0_loss_l2_ema_fixed,27,1240,1.0028094266090193e-06,0.09153798967599869,0.0039728363044559956,0.31721383333206177,1.0687202215194702
norm_0_loss_l2_ema_fixed,27,1260,9.632910860091215e-07,0.09170173853635788,0.003977787680923939,0.31677788496017456,1.069712519645691
norm_0_loss_l2_ema_fixed,27,1280,9.266421443498984e-07,0.09184833616018295,0.00394833879545331,0.3163192868232727,1.0707460641860962
norm_0_loss_l2_ema_fixed,27,1300,9.151409017249534e-07,0.09195920079946518,0.003889957210049033,0.3157631456851959,1.071846842765808
norm_0_loss_l2_ema_fixed,27,1320,0.00011057899973820895,0.09409139305353165,0.0028108644764870405,0.3240421712398529,1.0730702877044678
norm_0_loss_l2_ema_fixed,27,1340,8.04319824965205e-06,0.09337112307548523,0.0026083595585078,0.32110610604286194,1.0759303569793701
norm_0_loss_l2_ema_fixed,27,1360,2.145878170267679e-06,0.0939585268497467,0.002425908576697111,0.3227333128452301,1.0766096115112305
norm_0_loss_l2_ema_fixed,27,1380,1.0118970976691344e-06,0.09427046030759811,0.0023220740258693695,0.3226805627346039,1.0780746936798096
norm_0_loss_l2_ema_fixed,27,1400,8.925336487664026e-07,0.09462679177522659,0.0022609843872487545,0.3229256868362427,1.0793770551681519
norm_0_loss_l2_ema_fixed,27,1420,8.503757840117032e-07,0.094903863966465,0.002229630248621106,0.3228846788406372,1.080812692642212
norm_0_loss_l2_ema_fixed,27,1440,8.258107868641673e-07,0.09518098831176758,0.0022239633835852146,0.3228971064090729,1.082299828529358
norm_0_loss_l2_ema_scheduled,7,20,0.0002548517659306526,0.008004204370081425,0.0010786751518025994,0.020386505872011185,1.19672691822052
norm_0_loss_l2_ema_scheduled,7,40,4.142609395785257e-05,0.0035987861920148134,0.0014150047209113836,0.008808453567326069,1.473414421081543
norm_0_loss_l2_ema_scheduled,7,60,9.055595910467673e-06,0.0029773300047963858,0.0007054312736727297,0.006927771493792534,1.6377240419387817
norm_0_loss_l2_ema_scheduled,7,80,6.297053914749995e-06,0.0030247773975133896,6.569141987711191e-05,0.00617241719737649,1.6540663242340088
norm_0_loss_l2_ema_scheduled,7,100,5.048722869105404e-06,0.003427640302106738,0.0002228677913080901,0.008167359977960587,1.5507992506027222
norm_0_loss_l2_ema_scheduled,7,120,4.524807081907056e-06,0.004118882119655609,0.00042952506919391453,0.010388744063675404,1.4266693592071533
norm_0_loss_l2_ema_scheduled,7,140,4.251773134456016e-06,0.004792836029082537,0.0005267718806862831,0.01226955745369196,1.3533902168273926
norm_0_loss_l2_ema_scheduled,7,160,4.009530584880849e-06,0.005197021644562483,0.000668809749186039,0.0135819585993886,1.3235057592391968
norm_0_loss_l2_ema_scheduled,7,180,3.7289385090844007e-06,0.00552031397819519,0.0006954371929168701,0.01532384566962719,1.3065894842147827
norm_0_loss_l2_ema_scheduled,7,200,3.4045135635096813e-06,0.005984090268611908,0.0006297216168604791,0.017349090427160263,1.2902617454528809
norm_0_loss_l2_ema_scheduled,7,220,3.048112603210029e-06,0.006560032721608877,0.0005009113228879869,0.019380079582333565,1.2785625457763672
norm_0_loss_l2_ema_scheduled,7,240,2.675031282706186e-06,0.007295495364814997,0.001161726308055222,0.02251926250755787,1.2701832056045532
norm_0_loss_l2_ema_scheduled,7,260,2.306863734702347e-06,0.008082843385636806,0.0008318528416566551,0.025602873414754868,1.2636781930923462
norm_0_loss_l2_ema_scheduled,7,280,1.963495833479101e-06,0.008859431371092796,0.00044752430403605103,0.028564050793647766,1.2588398456573486
norm_0_loss_l2_ema_scheduled,7,300,1.6595560055066017e-06,0.009656424634158611,0.0006278770160861313,0.03131597861647606,1.2556819915771484
norm_0_loss_l2_ema_scheduled,7,320,1.4040061842024443e-06,0.010471503250300884,0.001089892233721912,0.03373662009835243,1.2542699575424194
norm_0_loss_l2_ema_scheduled,7,340,1.1973676237175823e-06,0.011142057366669178,0.0008617940475232899,0.03573425114154816,1.2544158697128296
norm_0_loss_l2_ema_scheduled,7,360,1.0338604852222488e-06,0.011688689701259136,0.0013019912876188755,0.037322837859392166,1.2556960582733154
norm_0_loss_l2_ema_scheduled,7,380,9.072026614376227e-07,0.012141071259975433,0.000914334726985544,0.03859105706214905,1.2576653957366943
norm_0_loss_l2_ema_scheduled,7,400,8.122055987769272e-07,0.012581183575093746,0.0012192382710054517,0.039621852338314056,1.2600717544555664
norm_0_loss_l2_ema_scheduled,7,420,7.432742563651118e-07,0.012996229343116283,0.0017943986458703876,0.04046180099248886,1.262835144996643
norm_0_loss_l2_ema_scheduled,7,440,6.940969683455478e-07,0.01336609572172165,0.002459129551425576,0.041132956743240356,1.26598060131073
norm_0_loss_l2_ema_scheduled,7,460,6.586352583326516e-07,0.013693996705114841,0.0021429103799164295,0.0416543073952198,1.2696011066436768
norm_0_loss_l2_ema_scheduled,7,480,6.319969543255866e-07,0.01399125624448061,0.0014742964413017035,0.042049944400787354,1.2737663984298706
norm_0_loss_l2_ema_scheduled,7,500,6.106974410613475e-07,0.014274761080741882,0.0011205138871446252,0.042346592992544174,1.2785145044326782
norm_0_loss_l2_ema_scheduled,7,520,5.925040227339196e-07,0.01456200610846281,0.0012948978692293167,0.042568862438201904,1.283819556236267
norm_0_loss_l2_ema_scheduled,7,540,5.761395414083381e-07,0.014852811582386494,0.0015054167015478015,0.04273712635040283,1.2896063327789307
norm_0_loss_l2_ema_scheduled,7,560,5.609909976556082e-07,0.015143158845603466,0.0011742634233087301,0.042867593467235565,1.2957671880722046
norm_0_loss_l2_ema_scheduled,7,580,5.468450012813264e-07,0.015433862805366516,0.0008466436993330717,0.042972806841135025,1.302152156829834
norm_0_loss_l2_ema_scheduled,7,600,8.262432515948603e-07,0.01563088968396187,0.000523681053891778,0.04263787344098091,1.3082586526870728
norm_0_loss_l2_ema_scheduled,7,620,5.612760105577763e-07,0.016018252819776535,0.00025351953809149563,0.04324738681316376,1.3153620958328247
norm_0_loss_l2_ema_scheduled,7,640,5.123027335685038e-07,0.0163503959774971,0.0002061432896880433,0.043402258306741714,1.3198972940444946
norm_0_loss_l2_ema_scheduled,7,660,5.039736379330861e-07,0.01667538657784462,0.0004479475028347224,0.04348994046449661,1.32450270652771
norm_0_loss_l2_ema_scheduled,7,680,7.2056775479723e-07,0.016781076788902283,0.000745240249671042,0.042704254388809204,1.3317302465438843
norm_0_loss_l2_ema_scheduled,7,700,5.532438080990687e-07,0.01733230985701084,0.0009765378199517727,0.0439874567091465,1.3323403596878052
norm_0_loss_l2_ema_scheduled,7,720,4.895425718132174e-07,0.017681164667010307,0.0012582432245835662,0.044210437685251236,1.3351960182189941
norm_0_loss_l2_ema_scheduled,7,740,1.1770501942010014e-06,0.0180033091455698,0.0014722305350005627,0.04431824013590813,1.3334535360336304
norm_0_loss_l2_ema_scheduled,7,760,5.457313250190055e-07,0.01826067455112934,0.0017367663094773889,0.04450790211558342,1.340352177619934
norm_0_loss_l2_ema_scheduled,7,780,4.6814253096272296e-07,0.01865130104124546,0.001985314302146435,0.04507993534207344,1.3387081623077393
norm_0_loss_l2_ema_scheduled,7,800,2.036602609223337e-06,0.01889963634312153,0.0021498596761375666,0.04514983296394348,1.3363735675811768
norm_0_loss_l2_ema_scheduled,7,820,5.838160177518148e-07,0.019236886873841286,0.002393794246017933,0.04566982388496399,1.3401048183441162
norm_0_loss_l2_ema_scheduled,7,840,4.937303401675308e-07,0.01956103928387165,0.0026101539842784405,0.04616393521428108,1.3386460542678833
norm_0_loss_l2_ema_scheduled,7,860,7.935391863611585e-07,0.01980358362197876,0.002736469265073538,0.04694298282265663,1.3378461599349976
norm_0_loss_l2_ema_scheduled,7,880,5.557109261644655e-07,0.020054785534739494,0.0029603284783661366,0.04725601151585579,1.3389105796813965
norm_0_loss_l2_ema_scheduled,7,900,4.396028998598922e-07,0.02032940648496151,0.003119942732155323,0.04787232726812363,1.3370914459228516
norm_0_loss_l2_ema_scheduled,7,920,2.7781784410763066e-06,0.020148223266005516,0.00322509603574872,0.04705817624926567,1.342111349105835
norm_0_loss_l2_ema_scheduled,7,940,9.173530770567595e-07,0.020798342302441597,0.0033754054456949234,0.049067772924900055,1.337286114692688
norm_0_loss_l2_ema_scheduled,7,960,4.2625424612197094e-07,0.02118096686899662,0.0035213842056691647,0.04978088289499283,1.3361871242523193
norm_0_loss_l2_ema_scheduled,7,980,4.486316811380675e-07,0.021436506882309914,0.0036863735876977444,0.05035237967967987,1.3378664255142212
norm_0_loss_l2_ema_scheduled,7,1000,1.1720298971340526e-06,0.02153443731367588,0.003671875689178705,0.05071133375167847,1.3348870277404785
norm_0_loss_l2_ema_scheduled,7,1020,5.500303927874484e-07,0.021768338978290558,0.0038274964317679405,0.0511893555521965,1.3324443101882935
norm_0_loss_l2_ema_scheduled,7,1040,4.1244155113417946e-07,0.021951543167233467,0.0038898743223398924,0.051562726497650146,1.332743525505066
norm_0_loss_l2_ema_scheduled,7,1060,4.031456342090678e-07,0.02215430699288845,0.003981724381446838,0.052024148404598236,1.3347002267837524
norm_0_loss_l2_ema_scheduled,7,1080,3.956732825827203e-07,0.022339925169944763,0.004084201995283365,0.052419982850551605,1.336362361907959
norm_0_loss_l2_ema_scheduled,7,1100,6.578063107554044e-07,0.02252730168402195,0.004194258712232113,0.05281553789973259,1.3388923406600952
norm_0_loss_l2_ema_scheduled,7,1120,2.3823229184927186e-06,0.022469237446784973,0.003996199928224087,0.05311625078320503,1.3309561014175415
norm_0_loss_l2_ema_scheduled,7,1140,4.2153351387241855e-07,0.02258768491446972,0.004105056170374155,0.0531846322119236,1.3282970190048218
norm_0_loss_l2_ema_scheduled,7,1160,4.0586772342976474e-07,0.02268456108868122,0.004083278588950634,0.05336269736289978,1.3311651945114136
norm_0_loss_l2_ema_scheduled,7,1180,3.725168937762646e-07,0.022789277136325836,0.0041334922425448895,0.05364970117807388,1.3344528675079346
norm_0_loss_l2_ema_scheduled,7,1200,3.6413709381122317e-07,0.022901728749275208,0.0041970741003751755,0.05388500913977623,1.3373267650604248
norm_0_loss_l2_ema_scheduled,7,1220,3.55857423528505e-07,0.022998251020908356,0.004242724273353815,0.05408751219511032,1.3397221565246582
norm_0_loss_l2_ema_scheduled,7,1240,3.4834903317459975e-07,0.02307872474193573,0.004284130875021219,0.05425513535737991,1.341850996017456
norm_0_loss_l2_ema_scheduled,7,1260,3.4098690093742334e-07,0.023145079612731934,0.004321437794715166,0.05439112335443497,1.3437291383743286
norm_0_loss_l2_ema_scheduled,7,1280,3.4626114597813284e-07,0.023169895634055138,0.00435234047472477,0.054432034492492676,1.3458943367004395
norm_0_loss_l2_ema_scheduled,7,1300,1.8072615830533323e-06,0.02333052270114422,0.004345871973782778,0.05533095449209213,1.3454134464263916
norm_0_loss_l2_ema_scheduled,7,1320,4.902874479739694e-07,0.023675106465816498,0.004211900755763054,0.05570317059755325,1.3417527675628662
norm_0_loss_l2_ema_scheduled,7,1340,3.2858011422831623e-07,0.023481393232941628,0.0043031335808336735,0.055504266172647476,1.345420241355896
norm_0_loss_l2_ema_scheduled,7,1360,3.064913016714854e-07,0.023517167195677757,0.0043153315782547,0.05555446073412895,1.3463621139526367
norm_0_loss_l2_ema_scheduled,7,1380,4.0972051351673144e-07,0.023508330807089806,0.004336682613939047,0.055587563663721085,1.3482418060302734
norm_0_loss_l2_ema_scheduled,7,1400,2.951173883047886e-07,0.02340335212647915,0.004157400690019131,0.055635154247283936,1.344736933708191
norm_0_loss_l2_ema_scheduled,7,1420,4.122344421375601e-07,0.023287376388907433,0.004128154367208481,0.05550902709364891,1.3423010110855103
norm_0_loss_l2_ema_scheduled,7,1440,3.0570160447496164e-07,0.023197436705231667,0.004079665523022413,0.05535854026675224,1.3443082571029663
norm_0_loss_l2_ema_scheduled,17,20,0.0002557437401264906,0.006595221813768148,0.0003585004014894366,0.013054960407316685,1.1981004476547241
norm_0_loss_l2_ema_scheduled,17,40,3.7466965295607224e-05,0.0030440185219049454,0.00016590523591730744,0.005942895542830229,1.3829131126403809
norm_0_loss_l2_ema_scheduled,17,60,1.0554142136243172e-05,0.0024089068174362183,0.00040207908023148775,0.0047941976226866245,1.48439359664917
norm_0_loss_l2_ema_scheduled,17,80,6.259452675294597e-06,0.002261049346998334,6.890413351356983e-05,0.0049761561676859856,1.5126380920410156
norm_0_loss_l2_ema_scheduled,17,100,5.3073931667313445e-06,0.00227028364315629,0.0004989771405234933,0.005514695309102535,1.5232985019683838
norm_0_loss_l2_ema_scheduled,17,120,4.981198344466975e-06,0.0023610503412783146,0.0003423528978601098,0.006224094890058041,1.5142998695373535
norm_0_loss_l2_ema_scheduled,17,140,4.7125276978476904e-06,0.0025303885340690613,0.00017465905693825334,0.007089030463248491,1.4902878999710083
norm_0_loss_l2_ema_scheduled,17,160,4.4084354158258066e-06,0.002825456904247403,0.00028121916693635285,0.008114074356853962,1.456850528717041
norm_0_loss_l2_ema_scheduled,17,180,4.087883098691236e-06,0.0032706467900425196,0.0006350214825943112,0.00932173989713192,1.4187326431274414
norm_0_loss_l2_ema_scheduled,17,200,3.7364732179412385e-06,0.0038204044103622437,0.0007640939438715577,0.010727950371801853,1.380084753036499
norm_0_loss_l2_ema_scheduled,17,220,3.3606258966756286e-06,0.0044592260383069515,0.0006888790521770716,0.012343156151473522,1.3436557054519653
norm_0_loss_l2_ema_scheduled,17,240,2.9727709716098616e-06,0.005182899534702301,0.0006916189449839294,0.014158900827169418,1.311205506324768
norm_0_loss_l2_ema_scheduled,17,260,2.5921979158738395e-06,0.005970656871795654,0.0005217911675572395,0.016126859933137894,1.283895492553711
norm_0_loss_l2_ema_scheduled,17,280,2.239918558188947e-06,0.006776999682188034,0.0005298825562931597,0.01814117282629013,1.2623947858810425
norm_0_loss_l2_ema_scheduled,17,300,1.9281856111774687e-06,0.007532363757491112,0.000733197433874011,0.020052650943398476,1.2467665672302246
norm_0_loss_l2_ema_scheduled,17,320,1.655525124988344e-06,0.008177717216312885,0.0009675740147940814,0.02174067497253418,1.2362322807312012
norm_0_loss_l2_ema_scheduled,17,340,1.415082806488499e-06,0.0087086521089077,0.0009039026335813105,0.02318791300058365,1.229280710220337
norm_0_loss_l2_ema_scheduled,17,360,1.20450215490564e-06,0.009165518917143345,0.0007951719453558326,0.02445521578192711,1.22437584400177
norm_0_loss_l2_ema_scheduled,17,380,1.026275981530489e-06,0.009592047892510891,0.000669262430164963,0.025588998571038246,1.2205783128738403
norm_0_loss_l2_ema_scheduled,17,400,8.831686386656656e-07,0.010018623434007168,0.0005362430238164961,0.026588330045342445,1.2175254821777344
norm_0_loss_l2_ema_scheduled,17,420,7.746372148176306e-07,0.0104645611718297,0.00042680444312281907,0.0274405088275671,1.2150349617004395
norm_0_loss_l2_ema_scheduled,17,440,6.962583825043112e-07,0.010944175533950329,0.000342557264957577,0.028148554265499115,1.212936282157898
norm_0_loss_l2_ema_scheduled,17,460,6.413561663975997e-07,0.011447993107140064,0.0002858078805729747,0.02873009257018566,1.2110726833343506
norm_0_loss_l2_ema_scheduled,17,480,6.029949872754514e-07,0.011956063099205494,0.00025743895093910396,0.03004668653011322,1.2093303203582764
norm_0_loss_l2_ema_scheduled,17,500,5.752598895014671e-07,0.012464364059269428,0.0002553280210122466,0.032059818506240845,1.2076642513275146
norm_0_loss_l2_ema_scheduled,17,520,5.537002039091021e-07,0.012974691577255726,0.0002747507533058524,0.03410104662179947,1.2060343027114868
norm_0_loss_l2_ema_scheduled,17,540,5.352350740395195e-07,0.013489755801856518,0.0003104041679762304,0.03617541119456291,1.2044315338134766
norm_0_loss_l2_ema_scheduled,17,560,5.178989681553503e-07,0.014011736027896404,0.0003575849113985896,0.03828287869691849,1.2028605937957764
norm_0_loss_l2_ema_scheduled,17,580,5.00592307162151e-07,0.01454145461320877,0.00041195357334800065,0.040419694036245346,1.2013065814971924
norm_0_loss_l2_ema_scheduled,17,600,4.828883675145335e-07,0.015078507363796234,0.00046912720426917076,0.04258030652999878,1.1997867822647095
norm_0_loss_l2_ema_scheduled,17,620,4.64864228888473e-07,0.0156215475872159,0.0005247415392659605,0.04475805163383484,1.1983129978179932
norm_0_loss_l2_ema_scheduled,17,640,4.469351040370384e-07,0.016168830916285515,0.0005747445393353701,0.046945877373218536,1.1968904733657837
norm_0_loss_l2_ema_scheduled,17,660,4.296828990391077e-07,0.0167183056473732,0.0006158181931823492,0.04913632571697235,1.1955287456512451
norm_0_loss_l2_ema_scheduled,17,680,4.137092730616132e-07,0.017267785966396332,0.0006454751710407436,0.05132163688540459,1.1942464113235474
norm_0_loss_l2_ema_scheduled,17,700,3.9950398900145956e-07,0.017814913764595985,0.0006622832152061164,0.053493816405534744,1.193053126335144
norm_0_loss_l2_ema_scheduled,17,720,3.8737726981707965e-07,0.01835731230676174,0.0006657181074842811,0.055644821375608444,1.19196617603302
norm_0_loss_l2_ema_scheduled,17,740,3.774274830448121e-07,0.018892629072070122,0.0006560510373674333,0.057766836136579514,1.1909900903701782
norm_0_loss_l2_ema_scheduled,17,760,3.6955171367480943e-07,0.01941866986453533,0.0006341514526866376,0.059852484613657,1.1901394128799438
norm_0_loss_l2_ema_scheduled,17,780,3.6349581478134496e-07,0.019933395087718964,0.0006012296653352678,0.06189500913023949,1.1894230842590332
norm_0_loss_l2_ema_scheduled,17,800,3.58912132014666e-07,0.020435156300663948,0.0005587489577010274,0.06388896703720093,1.1888468265533447
norm_0_loss_l2_ema_scheduled,17,820,3.5541614806788857e-07,0.020922230556607246,0.0005085011944174767,0.06582874059677124,1.1884204149246216
norm_0_loss_l2_ema_scheduled,17,840,4.0030181480688043e-07,0.021404987201094627,0.00044167391024529934,0.06777384877204895,1.187173843383789
norm_0_loss_l2_ema_scheduled,17,860,3.7593454749185184e-07,0.02184598706662655,0.0003825361200142652,0.06957180052995682,1.1873860359191895
norm_0_loss_l2_ema_scheduled,17,880,3.5022696920350427e-07,0.02223457396030426,0.0003411428479012102,0.07115650177001953,1.1877914667129517
norm_0_loss_l2_ema_scheduled,17,900,3.4846885910155834e-07,0.02264220453798771,0.0003122003981843591,0.07280372083187103,1.1879565715789795
norm_0_loss_l2_ema_scheduled,17,920,4.0447272908750165e-07,0.022962478920817375,0.0002991963701788336,0.07409567385911942,1.1880286931991577
norm_0_loss_l2_ema_scheduled,17,940,3.935390679998818e-07,0.023304840549826622,0.0003456763515714556,0.07553961873054504,1.1892926692962646
norm_0_loss_l2_ema_scheduled,17,960,3.4239846513628436e-07,0.02376052923500538,0.0004407856613397598,0.0773865208029747,1.1889108419418335
norm_0_loss_l2_ema_scheduled,17,980,3.5940229281550273e-07,0.024035006761550903,0.0005375121254473925,0.07849472016096115,1.1904326677322388
norm_0_loss_l2_ema_scheduled,17,1000,4.2995122839784017e-07,0.02436739206314087,0.0007237305399030447,0.07989955693483353,1.1910204887390137
norm_0_loss_l2_ema_scheduled,17,1020,3.679435280901089e-07,0.02468179166316986,0.0007995833875611424,0.08112315833568573,1.1922792196273804
norm_0_loss_l2_ema_scheduled,17,1040,3.220724806851649e-07,0.024970054626464844,0.0009644434903748333,0.08231017738580704,1.1933549642562866
norm_0_loss_l2_ema_scheduled,17,1060,1.0373287295806222e-06,0.024975277483463287,0.0009581940248608589,0.08225012570619583,1.196353554725647
norm_0_loss_l2_ema_scheduled,17,1080,4.1799182781687705e-07,0.025380278006196022,0.0012723237741738558,0.08401217311620712,1.196765661239624
norm_0_loss_l2_ema_scheduled,17,1100,3.2087419299386966e-07,0.02564053237438202,0.0014053662307560444,0.08505745232105255,1.1985646486282349
norm_0_loss_l2_ema_scheduled,17,1120,2.9869295303797117e-07,0.025936996564269066,0.001577064860612154,0.08620534837245941,1.199939250946045
norm_0_loss_l2_ema_scheduled,17,1140,4.091263292593794e-07,0.02606886625289917,0.0016925259260460734,0.08667747676372528,1.202930212020874
norm_0_loss_l2_ema_scheduled,17,1160,3.1277514267458173e-07,0.026328280568122864,0.0021308776922523975,0.08801334351301193,1.203234076499939
norm_0_loss_l2_ema_scheduled,17,1180,3.513513604502805e-07,0.02633584477007389,0.002146798651665449,0.08806163817644119,1.2065001726150513
norm_0_loss_l2_ema_scheduled,17,1200,2.6848167067328177e-07,0.026470622047781944,0.0022563720121979713,0.08856561034917831,1.209280014038086
norm_0_loss_l2_ema_scheduled,17,1220,2.5533617531436903e-07,0.026596516370773315,0.0021603030618280172,0.08905255049467087,1.2120137214660645
norm_0_loss_l2_ema_scheduled,17,1240,2.4419796318397857e-07,0.026718324050307274,0.0020582417491823435,0.08951025456190109,1.214728593826294
norm_0_loss_l2_ema_scheduled,17,1260,2.676894837350119e-06,0.026735424995422363,0.0019671786576509476,0.0895705372095108,1.2172431945800781
norm_0_loss_l2_ema_scheduled,17,1280,3.602633853461157e-07,0.026846811175346375,0.0019074848387390375,0.0900646448135376,1.219964861869812
norm_0_loss_l2_ema_scheduled,17,1300,2.2546248601429397e-07,0.026950635015964508,0.0018275894690304995,0.0905156284570694,1.2222614288330078
norm_0_loss_l2_ema_scheduled,17,1320,2.0904930408960354e-07,0.027071287855505943,0.0017552439821884036,0.0909619852900505,1.2243083715438843
norm_0_loss_l2_ema_scheduled,17,1340,1.9667319861582655e-07,0.027137823402881622,0.0016900410410016775,0.09120456874370575,1.2265901565551758
norm_0_loss_l2_ema_scheduled,17,1360,1.8700089299272804e-07,0.027165459468960762,0.001634890679270029,0.0913025364279747,1.229007601737976
norm_0_loss_l2_ema_scheduled,17,1380,3.7872900975344237e-06,0.02714802883565426,0.0015877948608249426,0.09147801995277405,1.2289097309112549
norm_0_loss_l2_ema_scheduled,17,1400,4.933996820000175e-07,0.026795318350195885,0.0015327315777540207,0.09021539986133575,1.233925700187683
norm_0_loss_l2_ema_scheduled,17,1420,1.7884366343423608e-07,0.026769161224365234,0.0015315237687900662,0.09008736163377762,1.2374505996704102
norm_0_loss_l2_ema_scheduled,17,1440,1.572540639926956e-07,0.026756947860121727,0.0015356745570898056,0.090074822306633,1.2404052019119263
norm_0_loss_l2_ema_scheduled,27,20,0.00037127063842490315,0.004703698214143515,0.0007170334574766457,0.014535552822053432,1.160733699798584
norm_0_loss_l2_ema_scheduled,27,40,3.1609957659384236e-05,0.003282711608335376,8.457763033220544e-05,0.010264283046126366,1.223006248474121
norm_0_loss_l2_ema_scheduled,27,60,1.1265931789239403e-05,0.003153052879497409,0.00027186403167434037,0.009558899328112602,1.2320407629013062
norm_0_loss_l2_ema_scheduled,27,80,6.386817403836176e-06,0.003008294152095914,0.00038945346022956073,0.008863822557032108,1.2408934831619263
norm_0_loss_l2_ema_scheduled,27,100,5.917549970035907e-06,0.002970670582726598,0.0001604624994797632,0.008449847809970379,1.241924524307251
norm_0_loss_l2_ema_scheduled,27,120,5.7091347116511315e-06,0.0029853617306798697,0.0003291066677775234,0.008081145584583282,1.2397305965423584
norm_0_loss_l2_ema_scheduled,27,140,5.5159580369945616e-06,0.003059942973777652,0.000180705392267555,0.007771228905767202,1.2335174083709717
norm_0_loss_l2_ema_scheduled,27,160,5.293579306453466e-06,0.003229420632123947,0.00034413632238283753,0.00753082986921072,1.2231279611587524
norm_0_loss_l2_ema_scheduled,27,180,5.005445927963592e-06,0.003483845852315426,0.00017967543681152165,0.007681767921894789,1.209003210067749
norm_0_loss_l2_ema_scheduled,27,200,4.639723556465469e-06,0.003871137974783778,0.0005018661613576114,0.009016291238367558,1.1918975114822388
norm_0_loss_l2_ema_scheduled,27,220,4.185558736935491e-06,0.004382280167192221,0.0003504779888316989,0.011033433489501476,1.1729031801223755
norm_0_loss_l2_ema_scheduled,27,240,3.6441545034904266e-06,0.005054191220551729,0.00015522984904237092,0.013559596613049507,1.1533714532852173
norm_0_loss_l2_ema_scheduled,27,260,3.0452661121671554e-06,0.0058778212405741215,0.00021837149688508362,0.01666495017707348,1.1347993612289429
norm_0_loss_l2_ema_scheduled,27,280,2.4498476705048233e-06,0.006882814224809408,0.0005151709192432463,0.020268533378839493,1.1185886859893799
norm_0_loss_l2_ema_scheduled,27,300,1.921022430906305e-06,0.0079084737226367,0.0006654213066212833,0.02405661717057228,1.1056416034698486
norm_0_loss_l2_ema_scheduled,27,320,1.4896114635121194e-06,0.00883699581027031,0.0009724032715894282,0.027617696672677994,1.0959277153015137
norm_0_loss_l2_ema_scheduled,27,340,1.1553729564184323e-06,0.009627297520637512,0.0013968077255412936,0.03074563480913639,1.0886286497116089
norm_0_loss_l2_ema_scheduled,27,360,9.045947422237077e-07,0.010318252258002758,0.001899411203339696,0.0335247777402401,1.0828498601913452
norm_0_loss_l2_ema_scheduled,27,380,7.227773721751873e-07,0.010959411971271038,0.001980467699468136,0.03612665832042694,1.0780410766601562
norm_0_loss_l2_ema_scheduled,27,400,5.956164841336431e-07,0.011565295048058033,0.0019004731439054012,0.038627155125141144,1.0740196704864502
norm_0_loss_l2_ema_scheduled,27,420,5.081874974166567e-07,0.012126783840358257,0.001870511332526803,0.041007254272699356,1.0707365274429321
norm_0_loss_l2_ema_scheduled,27,440,4.468439556148951e-07,0.012636628933250904,0.0014226454077288508,0.043236199766397476,1.0681277513504028
norm_0_loss_l2_ema_scheduled,27,460,4.0108284338202793e-07,0.013098196126520634,0.0005846255808137357,0.04531093314290047,1.0660940408706665
norm_0_loss_l2_ema_scheduled,27,480,3.6410875736692105e-07,0.013545592315495014,0.00038718589348718524,0.047250501811504364,1.0645190477371216
norm_0_loss_l2_ema_scheduled,27,500,3.3230335816369916e-07,0.014004836790263653,0.0005319078918546438,0.04908528923988342,1.0632890462875366
norm_0_loss_l2_ema_scheduled,27,520,3.0420827101806935e-07,0.014463301748037338,0.0005661819595843554,0.050846971571445465,1.0623106956481934
norm_0_loss_l2_ema_scheduled,27,540,2.794912461467902e-07,0.014920967631042004,0.0008764422964304686,0.05256166309118271,1.061506748199463
norm_0_loss_l2_ema_scheduled,27,560,2.5819929305725964e-07,0.01536522340029478,0.0006909659714438021,0.05424772575497627,1.0608174800872803
norm_0_loss_l2_ema_scheduled,27,580,2.403504595349659e-07,0.01579640619456768,0.0005540021229535341,0.05591699853539467,1.0602021217346191
norm_0_loss_l2_ema_scheduled,27,600,2.2577610536700377e-07,0.016216138377785683,0.00047398332390002906,0.057576458901166916,1.0596203804016113
norm_0_loss_l2_ema_scheduled,27,620,2.1412358819361543e-07,0.016625849530100822,0.0004523896786849946,0.05922994017601013,1.059049367904663
norm_0_loss_l2_ema_scheduled,27,640,2.0493229158091708e-07,0.017027046531438828,0.00034779010456986725,0.06087879464030266,1.0584726333618164
norm_0_loss_l2_ema_scheduled,27,660,1.9770941150909493e-07,0.01742449961602688,0.00030863223946653306,0.06252258270978928,1.0578829050064087
norm_0_loss_l2_ema_scheduled,27,680,1.922371382079291e-07,0.017819849774241447,0.0004864454094786197,0.06416002660989761,1.0572773218154907
norm_0_loss_l2_ema_scheduled,27,700,1.9265877426732914e-07,0.018205426633358,0.0006180776399560273,0.06577987223863602,1.0566635131835938
norm_0_loss_l2_ema_scheduled,27,720,1.851762192472961e-07,0.018580235540866852,0.0006556786829605699,0.06738962233066559,1.0560486316680908
norm_0_loss_l2_ema_scheduled,27,740,1.803564799729429e-07,0.01894577592611313,0.0006860198336653411,0.06898568570613861,1.0554423332214355
norm_0_loss_l2_ema_scheduled,27,760,1.773444466834917e-07,0.019298933446407318,0.0007031014538370073,0.07056064903736115,1.0548582077026367
norm_0_loss_l2_ema_scheduled,27,780,1.8442707983012951e-07,0.019636208191514015,0.0007095168111845851,0.07209131121635437,1.0543131828308105
norm_0_loss_l2_ema_scheduled,27,800,1.7912923055973806e-07,0.01996619440615177,0.0007025761879049242,0.07361047714948654,1.0538041591644287
norm_0_loss_l2_ema_scheduled,27,820,1.6992649420899397e-07,0.0202821996062994,0.0006895205588079989,0.07508856803178787,1.0533555746078491
norm_0_loss_l2_ema_scheduled,27,840,1.680362515799061e-07,0.020591244101524353,0.0006689620204269886,0.07654552906751633,1.052954912185669
norm_0_loss_l2_ema_scheduled,27,860,1.65772831905997e-07,0.02088840864598751,0.0006388897891156375,0.0779639258980751,1.0526111125946045
norm_0_loss_l2_ema_scheduled,27,880,1.7931083107214363e-07,0.021153850480914116,0.000602693238761276,0.07925446331501007,1.0523526668548584
norm_0_loss_l2_ema_scheduled,27,900,1.82402743575949e-07,0.021416375413537025,0.0005645701894536614,0.08051279187202454,1.0521715879440308
norm_0_loss_l2_ema_scheduled,27,920,1.6095471266908135e-07,0.021710513159632683,0.0005244386848062277,0.08190243691205978,1.0520011186599731
norm_0_loss_l2_ema_scheduled,27,940,1.6046290340909763e-07,0.021955549716949463,0.00048684445209801197,0.08307754248380661,1.0519319772720337
norm_0_loss_l2_ema_scheduled,27,960,1.6710338002212666e-07,0.022198639810085297,0.0004481717187445611,0.08422697335481644,1.0519007444381714
norm_0_loss_l2_ema_scheduled,27,980,1.736921717565565e-07,0.02246815524995327,0.0004229038895573467,0.0854533240199089,1.051896095275879
norm_0_loss_l2_ema_scheduled,27,1000,1.5527611196830549e-07,0.022661974653601646,0.000408516323659569,0.08634886145591736,1.0520271062850952
norm_0_loss_l2_ema_scheduled,27,1020,4.928077714794199e-07,0.022993220016360283,0.0004145482962485403,0.08780216425657272,1.0519691705703735
norm_0_loss_l2_ema_scheduled,27,1040,1.719328963645239e-07,0.02299213968217373,0.00041828560642898083,0.08784908056259155,1.0524448156356812
norm_0_loss_l2_ema_scheduled,27,1060,1.6059330221196433e-07,0.023208802565932274,0.00044889203854836524,0.08878356218338013,1.0526165962219238
norm_0_loss_l2_ema_scheduled,27,1080,1.7085751835566043e-07,0.023471936583518982,0.0004965563421137631,0.08989807963371277,1.052737832069397
norm_0_loss_l2_ema_scheduled,27,1100,2.690673568395141e-07,0.023464808240532875,0.000545596529264003,0.08989476412534714,1.0532684326171875
norm_0_loss_l2_ema_scheduled,27,1120,1.4844182771867054e-07,0.023702407255768776,0.0006138177704997361,0.09088742733001709,1.0534491539001465
norm_0_loss_l2_ema_scheduled,27,1140,1.5640708284081484e-07,0.023808473721146584,0.0006691746530123055,0.09133262932300568,1.053855061531067
norm_0_loss_l2_ema_scheduled,27,1160,4.274589002761786e-07,0.023775553330779076,0.0007354087429121137,0.09120652079582214,1.0544633865356445
norm_0_loss_l2_ema_scheduled,27,1180,1.6723488727166114e-07,0.024030452594161034,0.0008165128529071808,0.09224815666675568,1.0546715259552002
norm_0_loss_l2_ema_scheduled,27,1200,1.5381610296572035e-07,0.024137133732438087,0.0008820752264000475,0.09268087148666382,1.0551097393035889
norm_0_loss_l2_ema_scheduled,27,1220,3.8686127368237067e-07,0.024060629308223724,0.000930587702896446,0.09237081557512283,1.0558393001556396
norm_0_loss_l2_ema_scheduled,27,1240,1.4073745546738792e-07,0.02431083284318447,0.0010294041130691767,0.09337257593870163,1.056070327758789
norm_0_loss_l2_ema_scheduled,27,1260,1.5926637786378706e-07,0.024443024769425392,0.0010595943313091993,0.09389899671077728,1.0564781427383423
norm_0_loss_l2_ema_scheduled,27,1280,2.446262215016759e-07,0.024568168446421623,0.0010646841255947948,0.0943889245390892,1.056906819343567
norm_0_loss_l2_ema_scheduled,27,1300,2.1934120297828485e-07,0.024421250447630882,0.001043228548951447,0.09378756582736969,1.0578166246414185
norm_0_loss_l2_ema_scheduled,27,1320,1.5496401317705022e-07,0.024458294734358788,0.0010332622332498431,0.09392759203910828,1.0583984851837158
norm_0_loss_l2_ema_scheduled,27,1340,1.4407189041776292e-07,0.024567050859332085,0.0010308048222213984,0.09434565156698227,1.058873176574707
norm_0_loss_l2_ema_scheduled,27,1360,5.462806029754574e-07,0.02467644028365612,0.0010170603636652231,0.09475696086883545,1.0593262910842896
norm_0_loss_l2_ema_scheduled,27,1380,1.80727965926053e-07,0.024593031033873558,0.0009902514284476638,0.09441401064395905,1.060172438621521
norm_0_loss_l2_ema_scheduled,27,1400,1.2859544540333445e-07,0.024532057344913483,0.0009753344347700477,0.09415113180875778,1.0609697103500366
norm_0_loss_l2_ema_scheduled,27,1420,1.2627015166799538e-07,0.024505851790308952,0.0009617717587389052,0.09402468055486679,1.061705470085144
norm_0_loss_l2_ema_scheduled,27,1440,1.2643172908610723e-07,0.02445860020816326,0.0009466393967159092,0.09381411969661713,1.0624885559082031
norm_0_loss_l1_ema_fixed,7,20,0.013587110675871372,0.005110627505928278,0.0004748064966406673,0.01552184671163559,1.2476729154586792
norm_0_loss_l1_ema_fixed,7,40,0.003699649590998888,0.0024783946573734283,0.0007203763234429061,0.005225528031587601,1.5860215425491333
norm_0_loss_l1_ema_fixed,7,60,0.0016871080733835697,0.004329759627580643,0.000467652891529724,0.014094392769038677,1.2516824007034302
norm_0_loss_l1_ema_fixed,7,80,0.00127564393915236,0.007618260104209185,0.0007033493020571768,0.026706332340836525,1.15239679813385
norm_0_loss_l1_ema_fixed,7,100,0.001058853231370449,0.01045918371528387,0.0004754515830427408,0.03196345269680023,1.1244903802871704
norm_0_loss_l1_ema_fixed,7,120,0.0010805869242176414,0.014829586260020733,0.0027570617385208607,0.04643253982067108,1.108639121055603
norm_0_loss_l1_ema_fixed,7,140,0.0013335649855434895,0.0201102364808321,0.0016637184889987111,0.07596563547849655,1.1025723218917847
norm_0_loss_l1_ema_fixed,7,160,0.0008524429867975414,0.025617584586143494,0.002277619671076536,0.10090013593435287,1.1010873317718506
norm_0_loss_l1_ema_fixed,7,180,0.0008821340161375701,0.031259823590517044,0.0008513734210282564,0.12654748558998108,1.1041817665100098
norm_0_loss_l1_ema_fixed,7,200,0.0013852451229467988,0.0379289947450161,0.0022220721002668142,0.15311381220817566,1.1111856698989868
norm_0_loss_l1_ema_fixed,7,220,0.001610971987247467,0.048201438039541245,0.0017157456604763865,0.19544577598571777,1.1237739324569702
norm_0_loss_l1_ema_fixed,7,240,0.0019749265629798174,0.054182227700948715,0.0027770455926656723,0.215684711933136,1.137441873550415
norm_0_loss_l1_ema_fixed,7,260,0.001272185705602169,0.062366783618927,0.004217567387968302,0.24436774849891663,1.1521493196487427
norm_0_loss_l1_ema_fixed,7,280,0.0021092898678034544,0.06651521474123001,0.005520442500710487,0.2579072117805481,1.1675515174865723
norm_0_loss_l1_ema_fixed,7,300,0.002463055308908224,0.07951721549034119,0.007659559138119221,0.30344298481941223,1.189056158065796
norm_0_loss_l1_ema_fixed,7,320,0.0013955218018963933,0.08626418560743332,0.012903655879199505,0.3228399157524109,1.1991746425628662
norm_0_loss_l1_ema_fixed,7,340,0.0034201419912278652,0.0928771123290062,0.010501821525394917,0.3457663655281067,1.2186933755874634
norm_0_loss_l1_ema_fixed,7,360,0.0033635771833360195,0.09724104404449463,0.009664101526141167,0.35817399621009827,1.2302453517913818
norm_0_loss_l1_ema_fixed,7,380,0.003352164290845394,0.1048046424984932,0.010952114127576351,0.3813948631286621,1.239609956741333
norm_0_loss_l1_ema_fixed,7,400,0.002350717782974243,0.10418474674224854,0.010215017013251781,0.3777833878993988,1.2518178224563599
norm_0_loss_l1_ema_fixed,7,420,0.001867717015556991,0.11181849241256714,0.009170519188046455,0.40523210167884827,1.2493866682052612
norm_0_loss_l1_ema_fixed,7,440,0.003984047565609217,0.11590433120727539,0.011150973848998547,0.4178999662399292,1.2591809034347534
norm_0_loss_l1_ema_fixed,7,460,0.002953964052721858,0.11640173196792603,0.008047438226640224,0.41715532541275024,1.2639567852020264
norm_0_loss_l1_ema_fixed,7,480,0.0025020188186317682,0.1216680034995079,0.008269785903394222,0.43197426199913025,1.2766159772872925
norm_0_loss_l1_ema_fixed,7,500,0.0031110597774386406,0.1230740174651146,0.008692820556461811,0.43602344393730164,1.2902019023895264
norm_0_loss_l1_ema_fixed,7,520,0.004107153508812189,0.12135680764913559,0.009397364221513271,0.429031640291214,1.3017395734786987
norm_0_loss_l1_ema_fixed,7,540,0.004754162859171629,0.12704366445541382,0.010601059533655643,0.44639158248901367,1.3035345077514648
norm_0_loss_l1_ema_fixed,7,560,0.005286471918225288,0.12810666859149933,0.010954557918012142,0.4515104293823242,1.3104043006896973
norm_0_loss_l1_ema_fixed,7,580,0.006239037960767746,0.13501647114753723,0.014175305142998695,0.4699857831001282,1.346450924873352
norm_0_loss_l1_ema_fixed,7,600,0.005720188375562429,0.13137227296829224,0.014373233541846275,0.45859643816947937,1.3597984313964844
norm_0_loss_l1_ema_fixed,7,620,0.00362987769767642,0.1379566788673401,0.013061996549367905,0.4803401827812195,1.338874340057373
norm_0_loss_l1_ema_fixed,7,640,0.0029262914322316647,0.1401355117559433,0.01759076863527298,0.48304715752601624,1.4050343036651611
norm_0_loss_l1_ema_fixed,7,660,0.0034938256721943617,0.13604556024074554,0.018907705321907997,0.4659914970397949,1.4027371406555176
norm_0_loss_l1_ema_fixed,7,680,0.005049584899097681,0.13309328258037567,0.019161101430654526,0.45329102873802185,1.4365123510360718
norm_0_loss_l1_ema_fixed,7,700,0.0026196162216365337,0.1334129124879837,0.016857920214533806,0.4576314091682434,1.4103703498840332
norm_0_loss_l1_ema_fixed,7,720,0.005168515723198652,0.1338959038257599,0.018339771777391434,0.45857003331184387,1.4405570030212402
norm_0_loss_l1_ema_fixed,7,740,0.0022737060207873583,0.1338350921869278,0.020267724990844727,0.45493993163108826,1.4589331150054932
norm_0_loss_l1_ema_fixed,7,760,0.002643060404807329,0.1349155455827713,0.021154938265681267,0.4561464488506317,1.4724310636520386
norm_0_loss_l1_ema_fixed,7,780,0.002757149050012231,0.133524551987648,0.021316180005669594,0.45221903920173645,1.4782379865646362
norm_0_loss_l1_ema_fixed,7,800,0.004976279102265835,0.130570188164711,0.02204924449324608,0.4421539306640625,1.4943225383758545
norm_0_loss_l1_ema_fixed,7,820,0.002907700836658478,0.1307683140039444,0.02458414062857628,0.4368037283420563,1.539205551147461
norm_0_loss_l1_ema_fixed,7,840,0.0029312134720385075,0.1311791092157364,0.022231854498386383,0.43943309783935547,1.5639967918395996
norm_0_loss_l1_ema_fixed,7,860,0.004070759285241365,0.131109356880188,0.02407916821539402,0.435436874628067,1.5613733530044556
norm_0_loss_l1_ema_fixed,7,880,0.003537932876497507,0.13182418048381805,0.02422845922410488,0.4374464452266693,1.5759285688400269
norm_0_loss_l1_ema_fixed,7,900,0.0026811177376657724,0.13141342997550964,0.022458143532276154,0.43258965015411377,1.6136138439178467
norm_0_loss_l1_ema_fixed,7,920,0.003886291990056634,0.1283339112997055,0.0218344833701849,0.42639437317848206,1.6146340370178223
norm_0_loss_l1_ema_fixed,7,940,0.004259792622178793,0.12830549478530884,0.022339945659041405,0.42728519439697266,1.6012662649154663
norm_0_loss_l1_ema_fixed,7,960,0.0033097988925874233,0.12745743989944458,0.02165038324892521,0.4239831864833832,1.6107878684997559
norm_0_loss_l1_ema_fixed,7,980,0.0032248934730887413,0.12756189703941345,0.02320188097655773,0.42021873593330383,1.6391620635986328
norm_0_loss_l1_ema_fixed,7,1000,0.0013034710427746177,0.13069409132003784,0.022984109818935394,0.4278627634048462,1.6908220052719116
norm_0_loss_l1_ema_fixed,7,1020,0.002910703420639038,0.1260271519422531,0.024390093982219696,0.4099253714084625,1.7104079723358154
norm_0_loss_l1_ema_fixed,7,1040,0.002538851462304592,0.1294102817773819,0.02433377504348755,0.417316734790802,1.728454828262329
norm_0_loss_l1_ema_fixed,7,1060,0.003920068498700857,0.1253574937582016,0.02593275159597397,0.40289413928985596,1.7499384880065918
norm_0_loss_l1_ema_fixed,7,1080,0.0037410096265375614,0.12661109864711761,0.023957572877407074,0.40924495458602905,1.744388222694397
norm_0_loss_l1_ema_fixed,7,1100,0.002296997234225273,0.12402281910181046,0.02647503651678562,0.39616480469703674,1.7574599981307983
norm_0_loss_l1_ema_fixed,7,1120,0.0026103858835995197,0.125993549823761,0.027916576713323593,0.39897632598876953,1.8037523031234741
norm_0_loss_l1_ema_fixed,7,1140,0.0019868144299834967,0.12377331405878067,0.027473414316773415,0.3912253975868225,1.8170074224472046
norm_0_loss_l1_ema_fixed,7,1160,0.003848857246339321,0.12119021266698837,0.02610560692846775,0.3856545090675354,1.792903184890747
norm_0_loss_l1_ema_fixed,7,1180,0.002207451267167926,0.1226336732506752,0.027646271511912346,0.3877522051334381,1.819488763809204
norm_0_loss_l1_ema_fixed,7,1200,0.005600027274340391,0.12299063056707382,0.02851601503789425,0.3875347673892975,1.8347910642623901
norm_0_loss_l1_ema_fixed,7,1220,0.004457555711269379,0.12203504890203476,0.03014540486037731,0.38091060519218445,1.8548132181167603
norm_0_loss_l1_ema_fixed,7,1240,0.004829826299101114,0.1221783384680748,0.03024922125041485,0.3798742890357971,1.8669456243515015
norm_0_loss_l1_ema_fixed,7,1260,0.0032759045716375113,0.12267737835645676,0.031069723889231682,0.3784273862838745,1.8790993690490723
norm_0_loss_l1_ema_fixed,7,1280,0.00542284082621336,0.12158145755529404,0.02807043306529522,0.3841497302055359,1.8358720541000366
norm_0_loss_l1_ema_fixed,7,1300,0.004320343025028706,0.11996101588010788,0.03075532615184784,0.3743581175804138,1.8716882467269897
norm_0_loss_l1_ema_fixed,7,1320,0.0029827654361724854,0.12217128276824951,0.031548354774713516,0.3795103430747986,1.8917540311813354
norm_0_loss_l1_ema_fixed,7,1340,0.0030978035647422075,0.12271664291620255,0.03258689492940903,0.378799170255661,1.8980727195739746
norm_0_loss_l1_ema_fixed,7,1360,0.002510273829102516,0.1208774670958519,0.03418004885315895,0.3690102696418762,1.9226049184799194
norm_0_loss_l1_ema_fixed,7,1380,0.003125139744952321,0.11849614977836609,0.03278440982103348,0.3658101558685303,1.9075500965118408
norm_0_loss_l1_ema_fixed,7,1400,0.002326627727597952,0.12206552177667618,0.03412560746073723,0.3714061975479126,1.9354580640792847
norm_0_loss_l1_ema_fixed,7,1420,0.004017699975520372,0.11978737264871597,0.03508005291223526,0.3648437559604645,1.946327567100525
norm_0_loss_l1_ema_fixed,7,1440,0.004372159484773874,0.12029064446687698,0.03469310700893402,0.36595574021339417,1.9549648761749268
norm_0_loss_l1_ema_fixed,17,20,0.01505051925778389,0.0033713821321725845,0.0006451031658798456,0.008909262716770172,1.3153866529464722
norm_0_loss_l1_ema_fixed,17,40,0.0030573648400604725,0.0021923489402979612,0.0005010883323848248,0.004885372705757618,1.5037785768508911
norm_0_loss_l1_ema_fixed,17,60,0.0018129815580323339,0.00316416472196579,0.00029942637775093317,0.00708841672167182,1.3717600107192993
norm_0_loss_l1_ema_fixed,17,80,0.0012595519656315446,0.007239444646984339,0.0016144572291523218,0.015057945623993874,1.2072585821151733
norm_0_loss_l1_ema_fixed,17,100,0.001157070160843432,0.008742866106331348,0.0008107639732770622,0.01690726913511753,1.2040934562683105
norm_0_loss_l1_ema_fixed,17,120,0.001200163271278143,0.01177389919757843,0.0009792954660952091,0.026355311274528503,1.1857266426086426
norm_0_loss_l1_ema_fixed,17,140,0.0011764344526454806,0.01415392104536295,0.0012521932367235422,0.034478265792131424,1.1836950778961182
norm_0_loss_l1_ema_fixed,17,160,0.0012488189386203885,0.017051884904503822,0.0033190955873578787,0.041688255965709686,1.1827447414398193
norm_0_loss_l1_ema_fixed,17,180,0.001296888804063201,0.020455872640013695,0.001532290130853653,0.05213254317641258,1.1739330291748047
norm_0_loss_l1_ema_fixed,17,200,0.0010633376659825444,0.025728628039360046,0.0003394150990061462,0.06808625161647797,1.1734137535095215
norm_0_loss_l1_ema_fixed,17,220,0.0010455215815454721,0.030030563473701477,0.002897345693781972,0.08087825775146484,1.1799801588058472
norm_0_loss_l1_ema_fixed,17,240,0.002117816125974059,0.034156154841184616,0.001300760661251843,0.09302891790866852,1.1863373517990112
norm_0_loss_l1_ema_fixed,17,260,0.0012289418373256922,0.03978978469967842,0.002121478086337447,0.11071018874645233,1.1970316171646118
norm_0_loss_l1_ema_fixed,17,280,0.0014843749813735485,0.044660717248916626,0.0014904591953381896,0.12380947917699814,1.2204195261001587
norm_0_loss_l1_ema_fixed,17,300,0.0014083153801038861,0.04989015683531761,0.0024515255354344845,0.1384178251028061,1.2559489011764526
norm_0_loss_l1_ema_fixed,17,320,0.0023271674290299416,0.05542265251278877,0.0050304485484957695,0.15274764597415924,1.307028889656067
norm_0_loss_l1_ema_fixed,17,340,0.0021720866207033396,0.06190571188926697,0.0069512599147856236,0.1709849089384079,1.3457039594650269
norm_0_loss_l1_ema_fixed,17,360,0.0012539888266474009,0.06725970655679703,0.007854634895920753,0.18329684436321259,1.3567756414413452
norm_0_loss_l1_ema_fixed,17,380,0.0024693449959158897,0.06976616382598877,0.009278458543121815,0.18939225375652313,1.381286382675171
norm_0_loss_l1_ema_fixed,17,400,0.003237301716580987,0.07715768367052078,0.01201580185443163,0.20730002224445343,1.408351182937622
norm_0_loss_l1_ema_fixed,17,420,0.002517042215913534,0.0776061862707138,0.011192855425179005,0.20597638189792633,1.414680004119873
norm_0_loss_l1_ema_fixed,17,440,0.0036460880655795336,0.08526680618524551,0.00931970402598381,0.2269091159105301,1.4333264827728271
norm_0_loss_l1_ema_fixed,17,460,0.0032726351637393236,0.08572763204574585,0.008083113469183445,0.22362713515758514,1.4804868698120117
norm_0_loss_l1_ema_fixed,17,480,0.0019804914481937885,0.09096705913543701,0.009271599352359772,0.23634010553359985,1.494107961654663
norm_0_loss_l1_ema_fixed,17,500,0.002281082794070244,0.0933912992477417,0.008951670490205288,0.23835700750350952,1.5205373764038086
norm_0_loss_l1_ema_fixed,17,520,0.002140904776751995,0.09292217344045639,0.01071927696466446,0.2372892200946808,1.5584050416946411
norm_0_loss_l1_ema_fixed,17,540,0.0034465997014194727,0.09542346000671387,0.012443595565855503,0.23995475471019745,1.5624617338180542
norm_0_loss_l1_ema_fixed,17,560,0.00233409833163023,0.10170286148786545,0.011045046150684357,0.25460901856422424,1.5695949792861938
norm_0_loss_l1_ema_fixed,17,580,0.0064696054905653,0.09806285053491592,0.007171149831265211,0.2446487694978714,1.593186855316162
norm_0_loss_l1_ema_fixed,17,600,0.005306307226419449,0.10518074035644531,0.011023307219147682,0.2565386891365051,1.677292823791504
norm_0_loss_l1_ema_fixed,17,620,0.006053271237760782,0.10896721482276917,0.014559851959347725,0.26784077286720276,1.6265629529953003
norm_0_loss_l1_ema_fixed,17,640,0.0014616289408877492,0.1110466793179512,0.012743785977363586,0.26997801661491394,1.6672947406768799
norm_0_loss_l1_ema_fixed,17,660,0.0037016798742115498,0.11257728934288025,0.012124712578952312,0.27367353439331055,1.6642259359359741
norm_0_loss_l1_ema_fixed,17,680,0.0022889496758580208,0.11559674888849258,0.013808120042085648,0.27889928221702576,1.6818526983261108
norm_0_loss_l1_ema_fixed,17,700,0.003551027039065957,0.11492554098367691,0.014432444237172604,0.2761717140674591,1.689470887184143
norm_0_loss_l1_ema_fixed,17,720,0.003283051075413823,0.11374404281377792,0.016855956986546516,0.2710285484790802,1.718367338180542
norm_0_loss_l1_ema_fixed,17,740,0.0022737656254321337,0.11523589491844177,0.015316511504352093,0.26963040232658386,1.7618151903152466
norm_0_loss_l1_ema_fixed,17,760,0.003263590857386589,0.11442591995000839,0.013807913288474083,0.2682112157344818,1.7360928058624268
norm_0_loss_l1_ema_fixed,17,780,0.0022428585216403008,0.11565419286489487,0.01531297154724598,0.26970693469047546,1.768357515335083
norm_0_loss_l1_ema_fixed,17,800,0.0022312463261187077,0.11578359454870224,0.015048014931380749,0.267609179019928,1.7963826656341553
norm_0_loss_l1_ema_fixed,17,820,0.006998843047767878,0.11522626876831055,0.01805664412677288,0.26590290665626526,1.7850232124328613
norm_0_loss_l1_ema_fixed,17,840,0.0038506926503032446,0.11883828788995743,0.01662547141313553,0.2703944146633148,1.8321419954299927
norm_0_loss_l1_ema_fixed,17,860,0.0035337607841938734,0.11533519625663757,0.015903186053037643,0.26628753542900085,1.7823041677474976
norm_0_loss_l1_ema_fixed,17,880,0.004228084813803434,0.11612086743116379,0.01915852539241314,0.26202619075775146,1.8322980403900146
norm_0_loss_l1_ema_fixed,17,900,0.00545663433149457,0.11582710593938828,0.016773633658885956,0.26680004596710205,1.7784411907196045
norm_0_loss_l1_ema_fixed,17,920,0.0038006671238690615,0.1154676303267479,0.01950337551534176,0.26279690861701965,1.8129737377166748
norm_0_loss_l1_ema_fixed,17,940,0.003813475137576461,0.11524602025747299,0.01801335997879505,0.26125359535217285,1.8220524787902832
norm_0_loss_l1_ema_fixed,17,960,0.0022477521561086178,0.11730551719665527,0.019250601530075073,0.26054754853248596,1.8699607849121094
norm_0_loss_l1_ema_fixed,17,980,0.0027881194837391376,0.11874987930059433,0.023319369181990623,0.2624610960483551,1.8695722818374634
norm_0_loss_l1_ema_fixed,17,1000,0.002391495043411851,0.11570179462432861,0.02404540590941906,0.25185802578926086,1.9050928354263306
norm_0_loss_l1_ema_fixed,17,1020,0.0033322537783533335,0.11469294875860214,0.02120457962155342,0.25465327501296997,1.856030821800232
norm_0_loss_l1_ema_fixed,17,1040,0.003054998116567731,0.11733240634202957,0.02295869216322899,0.25375744700431824,1.915744423866272
norm_0_loss_l1_ema_fixed,17,1060,0.0030943125020712614,0.11420636624097824,0.020367668941617012,0.24915257096290588,1.9061359167099
norm_0_loss_l1_ema_fixed,17,1080,0.004369859118014574,0.11384808272123337,0.02145420014858246,0.24744801223278046,1.9120222330093384
norm_0_loss_l1_ema_fixed,17,1100,0.004215247929096222,0.11569488048553467,0.02456466481089592,0.2507517635822296,1.8954106569290161
norm_0_loss_l1_ema_fixed,17,1120,0.002905164146795869,0.11687588691711426,0.025714030489325523,0.2526542842388153,1.9070918560028076
norm_0_loss_l1_ema_fixed,17,1140,0.003724821377545595,0.11784005165100098,0.027054861187934875,0.25046220421791077,1.9325531721115112
norm_0_loss_l1_ema_fixed,17,1160,0.0022849119268357754,0.1162358745932579,0.02590290457010269,0.24691925942897797,1.9435145854949951
norm_0_loss_l1_ema_fixed,17,1180,0.003730013035237789,0.11577144265174866,0.02578764595091343,0.24969761073589325,1.8966926336288452
norm_0_loss_l1_ema_fixed,17,1200,0.0024298217613250017,0.11652123928070068,0.025512631982564926,0.24940717220306396,1.9184678792953491
norm_0_loss_l1_ema_fixed,17,1220,0.00245670392177999,0.11548606306314468,0.02689358778297901,0.24628588557243347,1.9158333539962769
norm_0_loss_l1_ema_fixed,17,1240,0.0028684758581221104,0.11510201543569565,0.027383258566260338,0.24461056292057037,1.9367461204528809
norm_0_loss_l1_ema_fixed,17,1260,0.0016998379724100232,0.11648663878440857,0.02753717452287674,0.2446471005678177,1.955202341079712
norm_0_loss_l1_ema_fixed,17,1280,0.0041731265373528,0.11621547490358353,0.028600657358765602,0.24571265280246735,1.928959846496582
norm_0_loss_l1_ema_fixed,17,1300,0.002621816238388419,0.11599723249673843,0.027891451492905617,0.24306485056877136,1.95677649974823
norm_0_loss_l1_ema_fixed,17,1320,0.0019889010582119226,0.11561635881662369,0.027721619233489037,0.2423984706401825,1.9597843885421753
norm_0_loss_l1_ema_fixed,17,1340,0.0023892575409263372,0.11721412092447281,0.03024161607027054,0.24235393106937408,1.9704197645187378
norm_0_loss_l1_ema_fixed,17,1360,0.0035551381297409534,0.11615820974111557,0.02745484560728073,0.2415512353181839,1.9549565315246582
norm_0_loss_l1_ema_fixed,17,1380,0.003099120920524001,0.11433404684066772,0.027424581348896027,0.23854537308216095,1.9540419578552246
norm_0_loss_l1_ema_fixed,17,1400,0.002956320531666279,0.11369583755731583,0.02895096130669117,0.2338874340057373,1.9772284030914307
norm_0_loss_l1_ema_fixed,17,1420,0.002785021672025323,0.11635667085647583,0.02877138741314411,0.23898643255233765,1.9728275537490845
norm_0_loss_l1_ema_fixed,17,1440,0.0018987696385011077,0.11384716629981995,0.02925179712474346,0.232961967587471,1.9946777820587158
norm_0_loss_l1_ema_fixed,27,20,0.008758410811424255,0.004134003538638353,0.00033630660618655384,0.012705397792160511,1.1727687120437622
norm_0_loss_l1_ema_fixed,27,40,0.0029066186398267746,0.002550495555624366,0.00015242492372635752,0.006617697421461344,1.263069748878479
norm_0_loss_l1_ema_fixed,27,60,0.001947249984368682,0.0033004432916641235,0.0006721196114085615,0.007312767207622528,1.1959930658340454
norm_0_loss_l1_ema_fixed,27,80,0.001556463772431016,0.006099124904721975,6.546910299221054e-05,0.016335168853402138,1.1162168979644775
norm_0_loss_l1_ema_fixed,27,100,0.001334125641733408,0.01115177571773529,0.0005818658391945064,0.03435439243912697,1.0803765058517456
norm_0_loss_l1_ema_fixed,27,120,0.0011088422033935785,0.015336665324866772,0.0016632264014333487,0.042439475655555725,1.074398398399353
norm_0_loss_l1_ema_fixed,27,140,0.0011905116261914372,0.017751265317201614,0.0031712788622826338,0.04476940631866455,1.0752092599868774
norm_0_loss_l1_ema_fixed,27,160,0.0013585238484665751,0.02162891812622547,0.0018323003314435482,0.05269693583250046,1.0737526416778564
norm_0_loss_l1_ema_fixed,27,180,0.0012709840666502714,0.025217289105057716,0.0015867740148678422,0.0607672780752182,1.076233983039856
norm_0_loss_l1_ema_fixed,27,200,0.002251398516818881,0.029109841212630272,0.0031200465746223927,0.06918477267026901,1.0780410766601562
norm_0_loss_l1_ema_fixed,27,220,0.001240369281731546,0.0348893366754055,0.002267461037263274,0.08187217265367508,1.0796971321105957
norm_0_loss_l1_ema_fixed,27,240,0.0013477618340402842,0.03979525342583656,0.0019262387650087476,0.09377864748239517,1.0829517841339111
norm_0_loss_l1_ema_fixed,27,260,0.0027044513262808323,0.0458819754421711,0.001868588151410222,0.10726787894964218,1.08771812915802
norm_0_loss_l1_ema_fixed,27,280,0.0024330171290785074,0.051456522196531296,0.001928211422637105,0.12136076390743256,1.0915029048919678
norm_0_loss_l1_ema_fixed,27,300,0.0023482483811676502,0.056303370743989944,0.002864512149244547,0.1310213953256607,1.0986496210098267
norm_0_loss_l1_ema_fixed,27,320,0.001452604541555047,0.06058768555521965,0.00296771083958447,0.14077509939670563,1.1062567234039307
norm_0_loss_l1_ema_fixed,27,340,0.0018579233437776566,0.06595408916473389,0.004779766779392958,0.1525844931602478,1.1113654375076294
norm_0_loss_l1_ema_fixed,27,360,0.002527774777263403,0.06844014674425125,0.0031679633539170027,0.15962912142276764,1.1137148141860962
norm_0_loss_l1_ema_fixed,27,380,0.001943312818184495,0.0724848061800003,0.003449120791628957,0.1684468388557434,1.116817593574524
norm_0_loss_l1_ema_fixed,27,400,0.004270573146641254,0.07605082541704178,0.004169884137809277,0.17634984850883484,1.1175243854522705
norm_0_loss_l1_ema_fixed,27,420,0.0035064546391367912,0.07752524316310883,0.003287577535957098,0.18005186319351196,1.119673490524292
norm_0_loss_l1_ema_fixed,27,440,0.003607872175052762,0.08160531520843506,0.0034064233768731356,0.1887800395488739,1.1215225458145142
norm_0_loss_l1_ema_fixed,27,460,0.002667120425030589,0.08898723125457764,0.003118667984381318,0.20452740788459778,1.1251769065856934
norm_0_loss_l1_ema_fixed,27,480,0.004931439645588398,0.08515375107526779,0.004028123337775469,0.1946602165699005,1.126787781715393
norm_0_loss_l1_ema_fixed,27,500,0.0030195373110473156,0.09114747494459152,0.004763226490467787,0.2069152593612671,1.1291873455047607
norm_0_loss_l1_ema_fixed,27,520,0.001794281997717917,0.09552226215600967,0.0035525343846529722,0.21722011268138885,1.1331928968429565
norm_0_loss_l1_ema_fixed,27,540,0.0015035468386486173,0.09997395426034927,0.0024445613380521536,0.2261391133069992,1.1391890048980713
norm_0_loss_l1_ema_fixed,27,560,0.002523805247619748,0.09974202513694763,0.0037198802456259727,0.2239045947790146,1.1476062536239624
norm_0_loss_l1_ema_fixed,27,580,0.003802551655098796,0.10126453638076782,0.004987992346286774,0.22657617926597595,1.158704161643982
norm_0_loss_l1_ema_fixed,27,600,0.0026809251867234707,0.10648494958877563,0.007803551387041807,0.23700161278247833,1.1685640811920166
norm_0_loss_l1_ema_fixed,27,620,0.0026165239978581667,0.10566362738609314,0.009420167654752731,0.23184438049793243,1.1775643825531006
norm_0_loss_l1_ema_fixed,27,640,0.004568860400468111,0.1096627339720726,0.01041571144014597,0.24054960906505585,1.1921203136444092
norm_0_loss_l1_ema_fixed,27,660,0.004198421258479357,0.1118699386715889,0.013073371723294258,0.24423423409461975,1.2047275304794312
norm_0_loss_l1_ema_fixed,27,680,0.0036786473356187344,0.11121813207864761,0.014661685563623905,0.24323135614395142,1.2263357639312744
norm_0_loss_l1_ema_fixed,27,700,0.0017498299712315202,0.1148441955447197,0.017998026683926582,0.2486480474472046,1.2499617338180542
norm_0_loss_l1_ema_fixed,27,720,0.003753118682652712,0.11198560148477554,0.0188438780605793,0.24043963849544525,1.293251395225525
norm_0_loss_l1_ema_fixed,27,740,0.002760804258286953,0.1157878115773201,0.021480120718479156,0.24856020510196686,1.2615331411361694
norm_0_loss_l1_ema_fixed,27,760,0.0037992019206285477,0.11207795143127441,0.02091366983950138,0.23953832685947418,1.3262724876403809
norm_0_loss_l1_ema_fixed,27,780,0.0022213237825781107,0.11306092888116837,0.022256845608353615,0.23948828876018524,1.2917840480804443
norm_0_loss_l1_ema_fixed,27,800,0.003240079153329134,0.11446578055620193,0.024070430546998978,0.24132977426052094,1.356743574142456
norm_0_loss_l1_ema_fixed,27,820,0.005851144902408123,0.11692405492067337,0.02633572742342949,0.246841162443161,1.3732712268829346
norm_0_loss_l1_ema_fixed,27,840,0.0016404781490564346,0.11671965569257736,0.026894796639680862,0.2445010244846344,1.388711929321289
norm_0_loss_l1_ema_fixed,27,860,0.0030051732901483774,0.1150958463549614,0.02888518199324608,0.24022124707698822,1.3637083768844604
norm_0_loss_l1_ema_fixed,27,880,0.0018339208327233791,0.11693616956472397,0.02995900623500347,0.24183818697929382,1.4217770099639893
norm_0_loss_l1_ema_fixed,27,900,0.003638546448200941,0.11752009391784668,0.0307944193482399,0.24167630076408386,1.4627443552017212
norm_0_loss_l1_ema_fixed,27,920,0.003797222161665559,0.11761746555566788,0.032466839998960495,0.2406235933303833,1.4818195104599
norm_0_loss_l1_ema_fixed,27,940,0.0030197082087397575,0.11960715055465698,0.03669252246618271,0.24353916943073273,1.5121709108352661
norm_0_loss_l1_ema_fixed,27,960,0.0019294454250484705,0.11904460936784744,0.03630997613072395,0.24132241308689117,1.5257304906845093
norm_0_loss_l1_ema_fixed,27,980,0.0044860499911010265,0.11792989820241928,0.03630172088742256,0.23857830464839935,1.5502307415008545
norm_0_loss_l1_ema_fixed,27,1000,0.0018807463347911835,0.11996742337942123,0.03816171735525131,0.241359144449234,1.576630711555481
norm_0_loss_l1_ema_fixed,27,1020,0.0019402004545554519,0.11828520894050598,0.037954553961753845,0.23554566502571106,1.6117076873779297
norm_0_loss_l1_ema_fixed,27,1040,0.0020948261953890324,0.11900905519723892,0.037019867449998856,0.2359575778245926,1.6239995956420898
norm_0_loss_l1_ema_fixed,27,1060,0.0032344628125429153,0.117673359811306,0.036049775779247284,0.23379696905612946,1.6224699020385742
norm_0_loss_l1_ema_fixed,27,1080,0.002955561736598611,0.11954972892999649,0.03666023537516594,0.23588667809963226,1.6406017541885376
norm_0_loss_l1_ema_fixed,27,1100,0.0026465370319783688,0.11879288405179977,0.035125456750392914,0.23332317173480988,1.6439002752304077
norm_0_loss_l1_ema_fixed,27,1120,0.003253097180277109,0.11590055376291275,0.031190568581223488,0.22677990794181824,1.6846065521240234
norm_0_loss_l1_ema_fixed,27,1140,0.002436432521790266,0.11804169416427612,0.032153915613889694,0.228457510471344,1.7315949201583862
norm_0_loss_l1_ema_fixed,27,1160,0.001566584687680006,0.11880119889974594,0.03292189911007881,0.23111669719219208,1.6891372203826904
norm_0_loss_l1_ema_fixed,27,1180,0.004987011663615704,0.11690212041139603,0.030688641592860222,0.22903841733932495,1.6725225448608398
norm_0_loss_l1_ema_fixed,27,1200,0.0039022911805659533,0.1189870834350586,0.03296868875622749,0.22933949530124664,1.7408301830291748
norm_0_loss_l1_ema_fixed,27,1220,0.003444791305810213,0.11930880695581436,0.0320543609559536,0.22914668917655945,1.743349552154541
norm_0_loss_l1_ema_fixed,27,1240,0.003001516917720437,0.11770407110452652,0.029834682121872902,0.223885178565979,1.7695422172546387
norm_0_loss_l1_ema_fixed,27,1260,0.0049605476669967175,0.11807755380868912,0.030349893495440483,0.22295357286930084,1.8104161024093628
norm_0_loss_l1_ema_fixed,27,1280,0.0038569369353353977,0.1194022074341774,0.03074551187455654,0.22610977292060852,1.789101243019104
norm_0_loss_l1_ema_fixed,27,1300,0.003664483083412051,0.11876948922872543,0.029749609529972076,0.22330869734287262,1.819510579109192
norm_0_loss_l1_ema_fixed,27,1320,0.004463202320039272,0.11558470875024796,0.02814551256597042,0.21921591460704803,1.7884037494659424
norm_0_loss_l1_ema_fixed,27,1340,0.004216830711811781,0.12218841165304184,0.03061068430542946,0.22773729264736176,1.8333572149276733
norm_0_loss_l1_ema_fixed,27,1360,0.0013161053648218513,0.11970776319503784,0.029273856431245804,0.22373801469802856,1.818763256072998
norm_0_loss_l1_ema_fixed,27,1380,0.003214427502825856,0.11844373494386673,0.028073569759726524,0.2202608436346054,1.8329765796661377
norm_0_loss_l1_ema_fixed,27,1400,0.0022344125900417566,0.11999758332967758,0.02846011519432068,0.22255702316761017,1.8372411727905273
norm_0_loss_l1_ema_fixed,27,1420,0.0027101016603410244,0.11954808235168457,0.028264455497264862,0.2197769582271576,1.8598871231079102
norm_0_loss_l1_ema_fixed,27,1440,0.0027167079970240593,0.12170768529176712,0.030209554359316826,0.22236724197864532,1.886313796043396
norm_0_loss_l1_ema_scheduled,7,20,0.014219440519809723,0.005923120304942131,0.0005304281949065626,0.017505008727312088,1.2270253896713257
norm_0_loss_l1_ema_scheduled,7,40,0.0034813599195331335,0.0025395445991307497,0.0003787570749409497,0.006356313358992338,1.6727511882781982
norm_0_loss_l1_ema_scheduled,7,60,0.0016537925694137812,0.003834556555375457,0.0005119405686855316,0.01434039045125246,1.3360364437103271
norm_0_loss_l1_ema_scheduled,7,80,0.0011368492851033807,0.0059006898663938046,0.0009586454834789038,0.02108946070075035,1.1985387802124023
norm_0_loss_l1_ema_scheduled,7,100,0.0009438777342438698,0.0077792140655219555,0.0009080708841793239,0.027570482343435287,1.1435714960098267
norm_0_loss_l1_ema_scheduled,7,120,0.0006279545486904681,0.008726449683308601,0.0011868251021951437,0.03057258017361164,1.1184386014938354
norm_0_loss_l1_ema_scheduled,7,140,0.0006967177032493055,0.00868584867566824,0.0008042700355872512,0.03004254214465618,1.1177093982696533
norm_0_loss_l1_ema_scheduled,7,160,0.0010175106581300497,0.008926070295274258,0.0008473388152197003,0.0307830311357975,1.1287145614624023
norm_0_loss_l1_ema_scheduled,7,180,0.0008005748968571424,0.00927906483411789,0.0010397708974778652,0.03129200264811516,1.1411765813827515
norm_0_loss_l1_ema_scheduled,7,200,0.0008188171777874231,0.009634806774556637,0.0006659817881882191,0.03256628289818764,1.155213475227356
norm_0_loss_l1_ema_scheduled,7,220,0.0009022154845297337,0.01014245767146349,0.0011882389662787318,0.03275261074304581,1.1706033945083618
norm_0_loss_l1_ema_scheduled,7,240,0.000979530275799334,0.01057587843388319,0.0006669758586212993,0.03461252525448799,1.1947295665740967
norm_0_loss_l1_ema_scheduled,7,260,0.0008368907729163766,0.010982110165059566,0.0005107253091409802,0.03649919852614403,1.2017196416854858
norm_0_loss_l1_ema_scheduled,7,280,0.0007819159072823822,0.011631730012595654,0.0005667050136253238,0.04008105769753456,1.218337893486023
norm_0_loss_l1_ema_scheduled,7,300,0.0009032352827489376,0.012100535444915295,0.0011129028862342238,0.04201175272464752,1.2308610677719116
norm_0_loss_l1_ema_scheduled,7,320,0.0009617992909625173,0.012528553605079651,0.0007475838647224009,0.04477058723568916,1.2550806999206543
norm_0_loss_l1_ema_scheduled,7,340,0.0008095267112366855,0.013406351208686829,0.0012645145179703832,0.04880400374531746,1.2570816278457642
norm_0_loss_l1_ema_scheduled,7,360,0.0011079052928835154,0.014078579843044281,0.0013799984008073807,0.05168883129954338,1.2503830194473267
norm_0_loss_l1_ema_scheduled,7,380,0.0009201548527926207,0.014850229024887085,0.001851871027611196,0.054946303367614746,1.266051173210144
norm_0_loss_l1_ema_scheduled,7,400,0.0009857254335656762,0.015381616540253162,0.0023385623935610056,0.05686507001519203,1.2821413278579712
norm_0_loss_l1_ema_scheduled,7,420,0.0010024441871792078,0.01506772916764021,0.002544798655435443,0.05583871901035309,1.2797526121139526
norm_0_loss_l1_ema_scheduled,7,440,0.0007672214414924383,0.016823848709464073,0.0024131692480295897,0.06317266076803207,1.2536883354187012
norm_0_loss_l1_ema_scheduled,7,460,0.0011211206438019872,0.016290729865431786,0.002846108516678214,0.061118025332689285,1.2856031656265259
norm_0_loss_l1_ema_scheduled,7,480,0.0008891175384633243,0.01798444427549839,0.0030967548955231905,0.06713434308767319,1.2833279371261597
norm_0_loss_l1_ema_scheduled,7,500,0.0011027295840904117,0.018286505714058876,0.0029584704898297787,0.06964831799268723,1.2798035144805908
norm_0_loss_l1_ema_scheduled,7,520,0.0011445829877629876,0.019193382933735847,0.0031492833513766527,0.07329381257295609,1.2760429382324219
norm_0_loss_l1_ema_scheduled,7,540,0.000769558537285775,0.019334373995661736,0.003587001468986273,0.07339249551296234,1.2915905714035034
norm_0_loss_l1_ema_scheduled,7,560,0.0008282340713776648,0.019449414685368538,0.0038658042903989553,0.07396844029426575,1.313820242881775
norm_0_loss_l1_ema_scheduled,7,580,0.0009671887964941561,0.020578447729349136,0.00413850974291563,0.07973945885896683,1.3100531101226807
norm_0_loss_l1_ema_scheduled,7,600,0.0006754893693141639,0.02098589576780796,0.004313349723815918,0.081240214407444,1.311260461807251
norm_0_loss_l1_ema_scheduled,7,620,0.0006780980620533228,0.021925151348114014,0.004508034326136112,0.08469375222921371,1.3110034465789795
norm_0_loss_l1_ema_scheduled,7,640,0.000703164841979742,0.021672317758202553,0.004466654732823372,0.08398368209600449,1.3332457542419434
norm_0_loss_l1_ema_scheduled,7,660,0.0007432617712765932,0.02152610383927822,0.004025500267744064,0.08331725001335144,1.3439375162124634
norm_0_loss_l1_ema_scheduled,7,680,0.0010050811106339097,0.021865971386432648,0.00440947012975812,0.08527400344610214,1.3408092260360718
norm_0_loss_l1_ema_scheduled,7,700,0.0012558747548609972,0.022473851218819618,0.004328037612140179,0.08878810703754425,1.338140845298767
norm_0_loss_l1_ema_scheduled,7,720,0.0006523977499455214,0.023361215367913246,0.004940304439514875,0.09306075423955917,1.3337624073028564
norm_0_loss_l1_ema_scheduled,7,740,0.0010319029679521918,0.024008579552173615,0.003763929009437561,0.09462741762399673,1.3507192134857178
norm_0_loss_l1_ema_scheduled,7,760,0.0010779452277347445,0.0243120938539505,0.004927325993776321,0.09693299233913422,1.327150821685791
norm_0_loss_l1_ema_scheduled,7,780,0.0006394042284227908,0.024961546063423157,0.004652520641684532,0.09953951090574265,1.3429412841796875
norm_0_loss_l1_ema_scheduled,7,800,0.000718906638212502,0.024913126602768898,0.0034415049012750387,0.09903938323259354,1.3714529275894165
norm_0_loss_l1_ema_scheduled,7,820,0.0007908854749985039,0.024402594193816185,0.003335838206112385,0.0981622189283371,1.3727774620056152
norm_0_loss_l1_ema_scheduled,7,840,0.0008394200704060495,0.024948254227638245,0.003794968593865633,0.10067600756883621,1.3726577758789062
norm_0_loss_l1_ema_scheduled,7,860,0.0006172535358928144,0.025792472064495087,0.0033733861055225134,0.10329265892505646,1.380534291267395
norm_0_loss_l1_ema_scheduled,7,880,0.0007253834628500044,0.02539712004363537,0.004234697669744492,0.10212548822164536,1.3835803270339966
norm_0_loss_l1_ema_scheduled,7,900,0.0006972538540139794,0.02528192661702633,0.003482487052679062,0.10199150443077087,1.3961966037750244
norm_0_loss_l1_ema_scheduled,7,920,0.000747794343624264,0.025818446651101112,0.002686289604753256,0.10313037782907486,1.3935177326202393
norm_0_loss_l1_ema_scheduled,7,940,0.0010669619077816606,0.025565698742866516,0.0027885406743735075,0.10232121497392654,1.4102020263671875
norm_0_loss_l1_ema_scheduled,7,960,0.0009520291932858527,0.025654077529907227,0.0032322807237505913,0.10262833535671234,1.4096310138702393
norm_0_loss_l1_ema_scheduled,7,980,0.0006859020213596523,0.0260468740016222,0.003276069648563862,0.1044585108757019,1.4140671491622925
norm_0_loss_l1_ema_scheduled,7,1000,0.0006829688791185617,0.02676510065793991,0.0034199594520032406,0.10776708275079727,1.4083646535873413
norm_0_loss_l1_ema_scheduled,7,1020,0.0009313201881013811,0.027125045657157898,0.002876069862395525,0.10981012135744095,1.4213021993637085
norm_0_loss_l1_ema_scheduled,7,1040,0.0007285851170308888,0.026333915069699287,0.0023272086400538683,0.1063508689403534,1.4291878938674927
norm_0_loss_l1_ema_scheduled,7,1060,0.0006036609993316233,0.02656415104866028,0.002738440874963999,0.10775203257799149,1.4428235292434692
norm_0_loss_l1_ema_scheduled,7,1080,0.0008767622639425099,0.027061864733695984,0.0017536533996462822,0.10957042872905731,1.441095232963562
norm_0_loss_l1_ema_scheduled,7,1100,0.0010624134447425604,0.02649405039846897,0.0017964253202080727,0.10744687914848328,1.437734603881836
norm_0_loss_l1_ema_scheduled,7,1120,0.0010013063438236713,0.0271331574767828,0.0014942745910957456,0.10961231589317322,1.4563086032867432
norm_0_loss_l1_ema_scheduled,7,1140,0.0006805276498198509,0.027143701910972595,0.0022096980828791857,0.11056581884622574,1.4548612833023071
norm_0_loss_l1_ema_scheduled,7,1160,0.0006858980632387102,0.02690713107585907,0.002034019213169813,0.10987057536840439,1.4695171117782593
norm_0_loss_l1_ema_scheduled,7,1180,0.0007243634900078177,0.02695990540087223,0.0011723954230546951,0.11022476851940155,1.4642333984375
norm_0_loss_l1_ema_scheduled,7,1200,0.0006862243171781301,0.02686023712158203,0.0013313519302755594,0.10998037457466125,1.4754713773727417
norm_0_loss_l1_ema_scheduled,7,1220,0.0006221680087037385,0.026557380333542824,0.0017780177295207977,0.10832066833972931,1.4652016162872314
norm_0_loss_l1_ema_scheduled,7,1240,0.0008436567732132971,0.027444133535027504,0.001600886695086956,0.1109626293182373,1.4862922430038452
norm_0_loss_l1_ema_scheduled,7,1260,0.000939238234423101,0.026620810851454735,0.0015353882918134332,0.10834043473005295,1.4896541833877563
norm_0_loss_l1_ema_scheduled,7,1280,0.0008673016563989222,0.027037030085921288,0.0015420170966535807,0.10960493981838226,1.4938480854034424
norm_0_loss_l1_ema_scheduled,7,1300,0.00044468004489317536,0.026782268658280373,0.0013288011541590095,0.10860671103000641,1.4989328384399414
norm_0_loss_l1_ema_scheduled,7,1320,0.0006689378060400486,0.026642486453056335,0.001233804738149047,0.10809703916311264,1.510403037071228
norm_0_loss_l1_ema_scheduled,7,1340,0.0008120150305330753,0.027102043852210045,0.0015052135568112135,0.11046002805233002,1.5093493461608887
norm_0_loss_l1_ema_scheduled,7,1360,0.0007843440980650485,0.026509730145335197,0.0013632122427225113,0.10693448036909103,1.523299217224121
norm_0_loss_l1_ema_scheduled,7,1380,0.0005840752855874598,0.0261641014367342,0.001375176478177309,0.10605917125940323,1.531280517578125
norm_0_loss_l1_ema_scheduled,7,1400,0.000609271286521107,0.026744797825813293,0.0014622623566538095,0.10896614193916321,1.518187165260315
norm_0_loss_l1_ema_scheduled,7,1420,0.0006440429133363068,0.026577038690447807,0.0014449874870479107,0.1081242635846138,1.5275864601135254
norm_0_loss_l1_ema_scheduled,7,1440,0.0007727231131866574,0.026247680187225342,0.001614233129657805,0.10651219636201859,1.525932788848877
norm_0_loss_l1_ema_scheduled,17,20,0.015046732500195503,0.0031613754108548164,0.0005733656580559909,0.008666492998600006,1.3286187648773193
norm_0_loss_l1_ema_scheduled,17,40,0.0027860519476234913,0.0017528613097965717,0.00023290212266147137,0.004003698006272316,1.585717797279358
norm_0_loss_l1_ema_scheduled,17,60,0.0018428144976496696,0.0023289669770747423,0.0002337153273401782,0.005230267997831106,1.4221878051757812
norm_0_loss_l1_ema_scheduled,17,80,0.001230736030265689,0.005265906453132629,0.0006168317631818354,0.011859651654958725,1.2381223440170288
norm_0_loss_l1_ema_scheduled,17,100,0.0012358343228697777,0.006992325186729431,0.0012941625900566578,0.016147149726748466,1.221110463142395
norm_0_loss_l1_ema_scheduled,17,120,0.0008148752385750413,0.007794920355081558,0.0009756343206390738,0.016306288540363312,1.2221896648406982
norm_0_loss_l1_ema_scheduled,17,140,0.0011473186314105988,0.00786940660327673,0.0007579068769700825,0.015251833945512772,1.2485060691833496
norm_0_loss_l1_ema_scheduled,17,160,0.0013139412039890885,0.008000022731721401,0.0008062964188866317,0.016664616763591766,1.2726037502288818
norm_0_loss_l1_ema_scheduled,17,180,0.0007916849572211504,0.008130167610943317,0.001115812687203288,0.01716591976583004,1.3045291900634766
norm_0_loss_l1_ema_scheduled,17,200,0.0008019374217838049,0.008134199306368828,0.0008114250958897173,0.017974818125367165,1.3622136116027832
norm_0_loss_l1_ema_scheduled,17,220,0.0008992498624138534,0.008189097046852112,0.0003348993486724794,0.018165016546845436,1.4225189685821533
norm_0_loss_l1_ema_scheduled,17,240,0.0014375295722857118,0.008672396652400494,0.00011953949433518574,0.019274285063147545,1.4488173723220825
norm_0_loss_l1_ema_scheduled,17,260,0.0011719194008037448,0.00918636005371809,0.0002358363854000345,0.02105669304728508,1.4624860286712646
norm_0_loss_l1_ema_scheduled,17,280,0.001413195626810193,0.009745481424033642,0.00025949752307496965,0.023830650374293327,1.5114455223083496
norm_0_loss_l1_ema_scheduled,17,300,0.0012140984181314707,0.010064964182674885,0.0002996518451254815,0.025328736752271652,1.5153870582580566
norm_0_loss_l1_ema_scheduled,17,320,0.0011602146551012993,0.010627321898937225,0.00044250403880141675,0.027565903961658478,1.4973722696304321
norm_0_loss_l1_ema_scheduled,17,340,0.0010932177538052201,0.010941366665065289,0.0008690553950145841,0.029928557574748993,1.49400794506073
norm_0_loss_l1_ema_scheduled,17,360,0.00141427805647254,0.011461757123470306,0.0008079701801761985,0.03263386711478233,1.4529837369918823
norm_0_loss_l1_ema_scheduled,17,380,0.0010532884625717998,0.011865620501339436,0.0010870748665183783,0.033604979515075684,1.4882714748382568
norm_0_loss_l1_ema_scheduled,17,400,0.0008614808320999146,0.012910704128444195,0.0004496252804528922,0.03810495883226395,1.514115333557129
norm_0_loss_l1_ema_scheduled,17,420,0.0012486617779359221,0.013315136544406414,0.00018582584743853658,0.03867311403155327,1.5013618469238281
norm_0_loss_l1_ema_scheduled,17,440,0.0010654947254806757,0.013900554738938808,0.0007334528490900993,0.0417063906788826,1.5011062622070312
norm_0_loss_l1_ema_scheduled,17,460,0.001120461500249803,0.014889772050082684,0.0002539831621106714,0.0459488108754158,1.501081943511963
norm_0_loss_l1_ema_scheduled,17,480,0.0012028623605147004,0.015802279114723206,0.0005343540688045323,0.047843314707279205,1.4990006685256958
norm_0_loss_l1_ema_scheduled,17,500,0.0009353914065286517,0.01617717184126377,0.0004343001055531204,0.04863470792770386,1.506610631942749
norm_0_loss_l1_ema_scheduled,17,520,0.0011980028357356787,0.01736537180840969,0.0004533048195298761,0.05346403643488884,1.5188689231872559
norm_0_loss_l1_ema_scheduled,17,540,0.0008804788812994957,0.017829714342951775,0.0004057029145769775,0.05232415348291397,1.5100915431976318
norm_0_loss_l1_ema_scheduled,17,560,0.001083684852346778,0.017627662047743797,0.00038355178548954427,0.0535309873521328,1.5533884763717651
norm_0_loss_l1_ema_scheduled,17,580,0.0011229949304834008,0.01813713274896145,0.00021830375771969557,0.053262386471033096,1.5386035442352295
norm_0_loss_l1_ema_scheduled,17,600,0.0009003273444250226,0.01886150613427162,0.000544545880984515,0.05483974143862724,1.5571763515472412
norm_0_loss_l1_ema_scheduled,17,620,0.0010199019452556968,0.01967552863061428,0.0005309525295160711,0.05832918733358383,1.542525291442871
norm_0_loss_l1_ema_scheduled,17,640,0.0008387111010961235,0.020085185766220093,0.0005329478299245238,0.0568549670279026,1.5628206729888916
norm_0_loss_l1_ema_scheduled,17,660,0.0011657987488433719,0.020113779231905937,0.0004152204201091081,0.05726343020796776,1.5504398345947266
norm_0_loss_l1_ema_scheduled,17,680,0.0010092055890709162,0.020921705290675163,0.0012993498239666224,0.06041160225868225,1.5695598125457764
norm_0_loss_l1_ema_scheduled,17,700,0.0011156231630593538,0.019928012043237686,0.0004557664506137371,0.054535675793886185,1.51880943775177
norm_0_loss_l1_ema_scheduled,17,720,0.0010110620642080903,0.022020794451236725,0.0011104693403467536,0.06304304301738739,1.5959970951080322
norm_0_loss_l1_ema_scheduled,17,740,0.0010695846285670996,0.022641191259026527,0.0011654163245111704,0.06476911902427673,1.5643647909164429
norm_0_loss_l1_ema_scheduled,17,760,0.0010839413153007627,0.023037029430270195,0.0014342893846333027,0.06326379626989365,1.5854841470718384
norm_0_loss_l1_ema_scheduled,17,780,0.0008130006026476622,0.02332649566233158,0.00123390753287822,0.0634157583117485,1.5792129039764404
norm_0_loss_l1_ema_scheduled,17,800,0.000683783320710063,0.023811735212802887,0.002083472441881895,0.06515451520681381,1.5974243879318237
norm_0_loss_l1_ema_scheduled,17,820,0.000931002723518759,0.02417145110666752,0.001779151614755392,0.06740113347768784,1.602355718612671
norm_0_loss_l1_ema_scheduled,17,840,0.0008633302641101182,0.024373406544327736,0.0017477694200351834,0.06693995743989944,1.616162657737732
norm_0_loss_l1_ema_scheduled,17,860,0.0008640671148896217,0.024768589064478874,0.002282877219840884,0.06726442277431488,1.6223829984664917
norm_0_loss_l1_ema_scheduled,17,880,0.0007756651611998677,0.025061383843421936,0.0029292521066963673,0.06916575878858566,1.6122078895568848
norm_0_loss_l1_ema_scheduled,17,900,0.000861153588630259,0.024525851011276245,0.002847670577466488,0.06781885772943497,1.6378542184829712
norm_0_loss_l1_ema_scheduled,17,920,0.0007499107741750777,0.025541791692376137,0.002611394738778472,0.06900683045387268,1.6388700008392334
norm_0_loss_l1_ema_scheduled,17,940,0.0009790657786652446,0.025166044011712074,0.002896381076425314,0.07002606242895126,1.607595443725586
norm_0_loss_l1_ema_scheduled,17,960,0.0008477246155962348,0.02576066553592682,0.002333623357117176,0.07087539881467819,1.6450355052947998
norm_0_loss_l1_ema_scheduled,17,980,0.0011602288577705622,0.02616271562874317,0.0027650005649775267,0.07212173193693161,1.644479751586914
norm_0_loss_l1_ema_scheduled,17,1000,0.00087777990847826,0.02651417814195156,0.0035849804989993572,0.07281952351331711,1.6398513317108154
norm_0_loss_l1_ema_scheduled,17,1020,0.0009596465970389545,0.02611425518989563,0.0023418660275638103,0.07242999225854874,1.6429601907730103
norm_0_loss_l1_ema_scheduled,17,1040,0.0009477982530370355,0.025643208995461464,0.003556156065315008,0.07034297287464142,1.684512734413147
norm_0_loss_l1_ema_scheduled,17,1060,0.001244290848262608,0.02624034322798252,0.003046790137887001,0.07185019552707672,1.6489112377166748
norm_0_loss_l1_ema_scheduled,17,1080,0.0011212322860956192,0.02661937288939953,0.00314725236967206,0.07328002154827118,1.7011992931365967
norm_0_loss_l1_ema_scheduled,17,1100,0.0008451531175523996,0.027213679626584053,0.002809833036735654,0.07504681497812271,1.6956732273101807
norm_0_loss_l1_ema_scheduled,17,1120,0.0007669357000850141,0.027173809707164764,0.003373994491994381,0.07505352795124054,1.6702948808670044
norm_0_loss_l1_ema_scheduled,17,1140,0.0007546542910858989,0.02711540460586548,0.0033163984771817923,0.07382205873727798,1.6948106288909912
norm_0_loss_l1_ema_scheduled,17,1160,0.0009744469425641,0.027460968121886253,0.003211000468581915,0.07623453438282013,1.6762034893035889
norm_0_loss_l1_ema_scheduled,17,1180,0.0008836442138999701,0.027258941903710365,0.0032633414957672358,0.07485635578632355,1.6870388984680176
norm_0_loss_l1_ema_scheduled,17,1200,0.0007415635627694428,0.02712220512330532,0.003447500756010413,0.07416573911905289,1.7123327255249023
norm_0_loss_l1_ema_scheduled,17,1220,0.0008146271575242281,0.027712898328900337,0.0041901892982423306,0.07665105909109116,1.6863774061203003
norm_0_loss_l1_ema_scheduled,17,1240,0.0007079866481944919,0.027627913281321526,0.004077768884599209,0.07639319449663162,1.6974834203720093
norm_0_loss_l1_ema_scheduled,17,1260,0.0010779647855088115,0.02730637975037098,0.0034117952454835176,0.07455883920192719,1.7311490774154663
norm_0_loss_l1_ema_scheduled,17,1280,0.0007906931568868458,0.027845537289977074,0.005118528846651316,0.07638146728277206,1.705603837966919
norm_0_loss_l1_ema_scheduled,17,1300,0.00094741175416857,0.027629604563117027,0.004636111669242382,0.07676173746585846,1.7078922986984253
norm_0_loss_l1_ema_scheduled,17,1320,0.0006513750413432717,0.027529427781701088,0.004446411971002817,0.07536636292934418,1.7324409484863281
norm_0_loss_l1_ema_scheduled,17,1340,0.0007751605589874089,0.02753084897994995,0.00488392123952508,0.07503976672887802,1.727398157119751
norm_0_loss_l1_ema_scheduled,17,1360,0.0008786878897808492,0.02755884639918804,0.004264043644070625,0.07626611739397049,1.7180510759353638
norm_0_loss_l1_ema_scheduled,17,1380,0.0010562131647020578,0.027418067678809166,0.004393295384943485,0.07577519118785858,1.7191203832626343
norm_0_loss_l1_ema_scheduled,17,1400,0.0006574660656042397,0.02783927321434021,0.004457429051399231,0.07599163800477982,1.732313871383667
norm_0_loss_l1_ema_scheduled,17,1420,0.001073746127076447,0.027025610208511353,0.004941410850733519,0.07277105003595352,1.7468664646148682
norm_0_loss_l1_ema_scheduled,17,1440,0.0009281769162043929,0.02689221315085888,0.00470318179577589,0.07328670471906662,1.728210687637329
norm_0_loss_l1_ema_scheduled,27,20,0.007720569614320993,0.004266959149390459,0.000594048760831356,0.01281073596328497,1.1719143390655518
norm_0_loss_l1_ema_scheduled,27,40,0.0025452589616179466,0.002578022424131632,0.0005379525828175247,0.0069173830561339855,1.2676829099655151
norm_0_loss_l1_ema_scheduled,27,60,0.0015896334080025554,0.0024114020634442568,0.00039077273686416447,0.005977308843284845,1.282162070274353
norm_0_loss_l1_ema_scheduled,27,80,0.0014411243610084057,0.004078253637999296,0.00014906235446687788,0.012533804401755333,1.1934559345245361
norm_0_loss_l1_ema_scheduled,27,100,0.0012506276834756136,0.007018545642495155,0.0011047431034967303,0.023709546774625778,1.127338171005249
norm_0_loss_l1_ema_scheduled,27,120,0.0010353418765589595,0.00842896569520235,0.00047409237595275044,0.031435560435056686,1.1108777523040771
norm_0_loss_l1_ema_scheduled,27,140,0.0013758597197011113,0.00884281750768423,0.0013727504992857575,0.03467654064297676,1.111557960510254
norm_0_loss_l1_ema_scheduled,27,160,0.001454792800359428,0.008480359800159931,0.0009302246617153287,0.03283226862549782,1.1190080642700195
norm_0_loss_l1_ema_scheduled,27,180,0.0010923033114522696,0.009388602338731289,0.0016927995020523667,0.03608986735343933,1.1145999431610107
norm_0_loss_l1_ema_scheduled,27,200,0.0010324037866666913,0.009610099717974663,0.001291494583711028,0.036260779947042465,1.121433973312378
norm_0_loss_l1_ema_scheduled,27,220,0.0012176542077213526,0.009583926759660244,0.001521510654129088,0.03560461848974228,1.1316051483154297
norm_0_loss_l1_ema_scheduled,27,240,0.001014601904898882,0.00994279608130455,0.0008728537941351533,0.03690659627318382,1.1311299800872803
norm_0_loss_l1_ema_scheduled,27,260,0.001180096878670156,0.010583095252513885,0.001608436112292111,0.0382261723279953,1.131311297416687
norm_0_loss_l1_ema_scheduled,27,280,0.0011819149367511272,0.01106052566319704,0.0015161874471232295,0.03961603716015816,1.1291606426239014
norm_0_loss_l1_ema_scheduled,27,300,0.0009998539462685585,0.011484362185001373,0.0017047016881406307,0.040852561593055725,1.139264464378357
norm_0_loss_l1_ema_scheduled,27,320,0.000821948517113924,0.01173771545290947,0.001195502351038158,0.041311535984277725,1.1501272916793823
norm_0_loss_l1_ema_scheduled,27,340,0.0007102100062184036,0.012205499224364758,0.0011330657871440053,0.04219411686062813,1.1612008810043335
norm_0_loss_l1_ema_scheduled,27,360,0.0010446083033457398,0.012872152030467987,0.0006762996781617403,0.04415241628885269,1.1663329601287842
norm_0_loss_l1_ema_scheduled,27,380,0.0012133927084505558,0.01308900211006403,0.0009588506072759628,0.04452355578541756,1.1697603464126587
norm_0_loss_l1_ema_scheduled,27,400,0.0011615599505603313,0.01353925559669733,0.0014947864692658186,0.04526623710989952,1.174736738204956
norm_0_loss_l1_ema_scheduled,27,420,0.000991526059806347,0.0136947026476264,0.0015595247969031334,0.0455990694463253,1.1804347038269043
norm_0_loss_l1_ema_scheduled,27,440,0.0007828294183127582,0.014765840955078602,0.0010174266062676907,0.04897741973400116,1.1793663501739502
norm_0_loss_l1_ema_scheduled,27,460,0.0009147960809059441,0.01541526522487402,0.0010759857250377536,0.05043277144432068,1.188637375831604
norm_0_loss_l1_ema_scheduled,27,480,0.0008143926970660686,0.01567034237086773,0.0007345108897425234,0.05068143457174301,1.2050420045852661
norm_0_loss_l1_ema_scheduled,27,500,0.0010286973556503654,0.016380025073885918,0.0006814097869209945,0.05291327089071274,1.2123967409133911
norm_0_loss_l1_ema_scheduled,27,520,0.0008810183499008417,0.016267655417323112,0.0002746104437392205,0.05188765004277229,1.2122325897216797
norm_0_loss_l1_ema_scheduled,27,540,0.0009629165870137513,0.017651958391070366,0.000587330898270011,0.05580343306064606,1.2127397060394287
norm_0_loss_l1_ema_scheduled,27,560,0.0007787151262164116,0.017803480848670006,0.0006031948723830283,0.05610601603984833,1.2219635248184204
norm_0_loss_l1_ema_scheduled,27,580,0.0007891892455518246,0.01821974478662014,0.001198964542709291,0.057054415345191956,1.230716347694397
norm_0_loss_l1_ema_scheduled,27,600,0.0009413738152943552,0.01917489618062973,0.0014578187838196754,0.059498973190784454,1.2401044368743896
norm_0_loss_l1_ema_scheduled,27,620,0.001007059938274324,0.0196335818618536,0.002164962701499462,0.06018432229757309,1.2581043243408203
norm_0_loss_l1_ema_scheduled,27,640,0.000863966008182615,0.02020958811044693,0.002635008655488491,0.062194980680942535,1.2743502855300903
norm_0_loss_l1_ema_scheduled,27,660,0.0008233578409999609,0.02062702737748623,0.0031402334570884705,0.06286193430423737,1.2943276166915894
norm_0_loss_l1_ema_scheduled,27,680,0.0006946471403352916,0.021546049043536186,0.0030151454266160727,0.06536706537008286,1.3117821216583252
norm_0_loss_l1_ema_scheduled,27,700,0.0005117111140862107,0.021061161532998085,0.0045942990109324455,0.0626986101269722,1.341522216796875
norm_0_loss_l1_ema_scheduled,27,720,0.000571870303247124,0.021451139822602272,0.004959966521710157,0.0642239898443222,1.3346521854400635
norm_0_loss_l1_ema_scheduled,27,740,0.000582811189815402,0.0219778660684824,0.005248154979199171,0.06592713296413422,1.3365875482559204
norm_0_loss_l1_ema_scheduled,27,760,0.001050249906256795,0.0218313317745924,0.005639925599098206,0.06448357552289963,1.3583693504333496
norm_0_loss_l1_ema_scheduled,27,780,0.0007713294471614063,0.02264220081269741,0.005400855094194412,0.06705718487501144,1.3557831048965454
norm_0_loss_l1_ema_scheduled,27,800,0.0008226145291700959,0.022734059020876884,0.005877233576029539,0.0666118711233139,1.3764287233352661
norm_0_loss_l1_ema_scheduled,27,820,0.0008177320705726743,0.023252377286553383,0.006031799595803022,0.0686519518494606,1.384163498878479
norm_0_loss_l1_ema_scheduled,27,840,0.0010035699233412743,0.02338048256933689,0.005851769354194403,0.06897234916687012,1.3907928466796875
norm_0_loss_l1_ema_scheduled,27,860,0.0008480068645440042,0.023950107395648956,0.0053199278190732,0.0709603875875473,1.3921599388122559
norm_0_loss_l1_ema_scheduled,27,880,0.0006621299544349313,0.024441784247756004,0.005453865509480238,0.07177574932575226,1.3828240633010864
norm_0_loss_l1_ema_scheduled,27,900,0.0005882182740606368,0.024084175005555153,0.006237958557903767,0.0702177882194519,1.4405287504196167
norm_0_loss_l1_ema_scheduled,27,920,0.0009016282274387777,0.024826670065522194,0.006195534951984882,0.07203308492898941,1.4372304677963257
norm_0_loss_l1_ema_scheduled,27,940,0.0008723909850232303,0.02447354607284069,0.006238787434995174,0.07131636142730713,1.444409728050232
norm_0_loss_l1_ema_scheduled,27,960,0.0010765651240944862,0.02432926744222641,0.006714074406772852,0.06937199831008911,1.4587080478668213
norm_0_loss_l1_ema_scheduled,27,980,0.0007016771123744547,0.025500452145934105,0.006377452053129673,0.07382704317569733,1.4564179182052612
norm_0_loss_l1_ema_scheduled,27,1000,0.0008263789350166917,0.02520696260035038,0.006277578417211771,0.07327541708946228,1.4628816843032837
norm_0_loss_l1_ema_scheduled,27,1020,0.000600809114985168,0.025429939851164818,0.006074924953281879,0.07424799352884293,1.4630389213562012
norm_0_loss_l1_ema_scheduled,27,1040,0.0011450054589658976,0.026315366849303246,0.006577553227543831,0.07668036222457886,1.4594839811325073
norm_0_loss_l1_ema_scheduled,27,1060,0.0008193025132641196,0.024923749268054962,0.007080469746142626,0.07167716324329376,1.4915961027145386
norm_0_loss_l1_ema_scheduled,27,1080,0.0005524222506210208,0.02619069814682007,0.007592046167701483,0.07521103322505951,1.4913727045059204
norm_0_loss_l1_ema_scheduled,27,1100,0.0008085814770311117,0.02584218420088291,0.007044138386845589,0.0750582292675972,1.483947515487671
norm_0_loss_l1_ema_scheduled,27,1120,0.0008286206284537911,0.026066908612847328,0.007217726670205593,0.07515338808298111,1.5027272701263428
norm_0_loss_l1_ema_scheduled,27,1140,0.0008944739820435643,0.0263535026460886,0.007636342663317919,0.07513345032930374,1.5041983127593994
norm_0_loss_l1_ema_scheduled,27,1160,0.0012546309735625982,0.026608096435666084,0.00684650894254446,0.07675216346979141,1.4943493604660034
norm_0_loss_l1_ema_scheduled,27,1180,0.0009484189213253558,0.02643323689699173,0.007310210261493921,0.07577168196439743,1.4903199672698975
norm_0_loss_l1_ema_scheduled,27,1200,0.0006105087813921273,0.026605645194649696,0.007208014372736216,0.0763261541724205,1.4805384874343872
norm_0_loss_l1_ema_scheduled,27,1220,0.000897096237167716,0.026836061850190163,0.0074630314484238625,0.07719743996858597,1.5038725137710571
norm_0_loss_l1_ema_scheduled,27,1240,0.0006396662793122232,0.027003539726138115,0.007822306826710701,0.07717501372098923,1.4951964616775513
norm_0_loss_l1_ema_scheduled,27,1260,0.0011692207772284746,0.02690528891980648,0.007157546933740377,0.07673095911741257,1.5223556756973267
norm_0_loss_l1_ema_scheduled,27,1280,0.0006911195814609528,0.027385130524635315,0.008209461346268654,0.07777337729930878,1.5240646600723267
norm_0_loss_l1_ema_scheduled,27,1300,0.0008793118176981807,0.027746690437197685,0.007831765338778496,0.07912536710500717,1.4909368753433228
norm_0_loss_l1_ema_scheduled,27,1320,0.0006172003922984004,0.02751314640045166,0.008489616215229034,0.07775294035673141,1.538170576095581
norm_0_loss_l1_ema_scheduled,27,1340,0.0008438843651674688,0.027635514736175537,0.009095393121242523,0.0774112343788147,1.5308709144592285
norm_0_loss_l1_ema_scheduled,27,1360,0.0006371198105625808,0.026964863762259483,0.0085979038849473,0.07552088052034378,1.5466957092285156
norm_0_loss_l1_ema_scheduled,27,1380,0.0008844194817356765,0.027312790974974632,0.008272165432572365,0.07717247307300568,1.5272350311279297
norm_0_loss_l1_ema_scheduled,27,1400,0.0006664604879915714,0.027525844052433968,0.008805342018604279,0.07785734534263611,1.537560224533081
norm_0_loss_l1_ema_scheduled,27,1420,0.0009960356401279569,0.02661091648042202,0.007970684207975864,0.07524840533733368,1.5426560640335083
norm_0_loss_l1_ema_scheduled,27,1440,0.0006860040011815727,0.027393044903874397,0.008604936301708221,0.07685486227273941,1.5426366329193115
norm_1_loss_l2_ema_fixed,7,20,0.2002454698085785,0.01809721253812313,0.0011698139132931828,0.04567813128232956,1.0810577869415283
norm_1_loss_l2_ema_fixed,7,40,0.015618197619915009,0.012813794426620007,0.0006880860892124474,0.031247107312083244,1.1101716756820679
norm_1_loss_l2_ema_fixed,7,60,0.002117260592058301,0.011051073670387268,0.0014825414400547743,0.02914220280945301,1.123460054397583
norm_1_loss_l2_ema_fixed,7,80,0.0007688397308811545,0.010751643218100071,0.0007797428406774998,0.029470238834619522,1.126143217086792
norm_1_loss_l2_ema_fixed,7,100,0.0005693428684026003,0.010591109283268452,0.0005520182312466204,0.029129646718502045,1.1298688650131226
norm_1_loss_l2_ema_fixed,7,120,0.0004243201110512018,0.010530310682952404,0.001307320548221469,0.028604065999388695,1.134365200996399
norm_1_loss_l2_ema_fixed,7,140,0.00037737793172709644,0.010440025478601456,0.0011854568729177117,0.02789040096104145,1.1393946409225464
norm_1_loss_l2_ema_fixed,7,160,0.00032400659983977675,0.010251207277178764,0.0011296600569039583,0.027035914361476898,1.146047830581665
norm_1_loss_l2_ema_fixed,7,180,0.00027835668879561126,0.00996110774576664,0.0010977808851748705,0.026077864691615105,1.154463291168213
norm_1_loss_l2_ema_fixed,7,200,0.00023929320741444826,0.00973100122064352,0.0010715235257521272,0.02515607699751854,1.1624281406402588
norm_1_loss_l2_ema_fixed,7,220,0.00020644735195674002,0.009507025592029095,0.0010361401364207268,0.024233579635620117,1.1711887121200562
norm_1_loss_l2_ema_fixed,7,240,0.00017918864614330232,0.00926737580448389,0.000986414379440248,0.0233087670058012,1.181106448173523
norm_1_loss_l2_ema_fixed,7,260,0.00015663453086744994,0.009011671878397465,0.0009198836633004248,0.022387612611055374,1.1922577619552612
norm_1_loss_l2_ema_fixed,7,280,0.00013793972902931273,0.008744553662836552,0.0008349220734089613,0.021474435925483704,1.2047418355941772
norm_1_loss_l2_ema_fixed,7,300,0.00012234125460963696,0.008469234220683575,0.0007311198278330266,0.020572667941451073,1.2187124490737915
norm_1_loss_l2_ema_fixed,7,320,0.00010922516958089545,0.008187458850443363,0.0006082556210458279,0.01968400366604328,1.2343213558197021
norm_1_loss_l2_ema_fixed,7,340,9.812005009735003e-05,0.007902254350483418,0.00046738216769881546,0.01881144940853119,1.25167977809906
norm_1_loss_l2_ema_fixed,7,360,8.868317672749981e-05,0.007618266623467207,0.0003121203335467726,0.017958803102374077,1.2707312107086182
norm_1_loss_l2_ema_fixed,7,380,8.067331509664655e-05,0.007342630997300148,0.00015657106996513903,0.01713239960372448,1.2914005517959595
norm_1_loss_l2_ema_fixed,7,400,7.391757389996201e-05,0.0070877536199986935,0.00011252091644564644,0.01634117402136326,1.3132688999176025
norm_1_loss_l2_ema_fixed,7,420,6.828417826909572e-05,0.006863856688141823,0.0002565316972322762,0.015594381839036942,1.3358436822891235
norm_1_loss_l2_ema_fixed,7,440,6.365788431139663e-05,0.0066702538169920444,0.0004218959657009691,0.014900288544595242,1.3583383560180664
norm_1_loss_l2_ema_fixed,7,460,5.992854858050123e-05,0.006509284023195505,0.0005795816541649401,0.01426547672599554,1.3800491094589233
norm_1_loss_l2_ema_fixed,7,480,5.698560198652558e-05,0.006379518657922745,0.0007231947383843362,0.013694011606276035,1.400158166885376
norm_1_loss_l2_ema_fixed,7,500,5.472343764267862e-05,0.006278777960687876,0.0008506044978275895,0.013186987489461899,1.4181371927261353
norm_1_loss_l2_ema_fixed,7,520,5.303997750161216e-05,0.006205906625837088,0.0009613735019229352,0.01274376641958952,1.4334421157836914
norm_1_loss_l2_ema_fixed,7,540,5.184302790439688e-05,0.006160316523164511,0.001042030518874526,0.012362795881927013,1.4459450244903564
norm_1_loss_l2_ema_fixed,7,560,5.10497520735953e-05,0.006141770631074905,0.0009605818195268512,0.012521044351160526,1.4556066989898682
norm_1_loss_l2_ema_fixed,7,580,5.05869320477359e-05,0.006151398178189993,0.0009082899196073413,0.012777458876371384,1.4628032445907593
norm_1_loss_l2_ema_fixed,7,600,5.038704694015905e-05,0.006194582208991051,0.000882543798070401,0.013048949651420116,1.4681613445281982
norm_1_loss_l2_ema_fixed,7,620,5.037507071392611e-05,0.006290141958743334,0.0008697003358975053,0.013330806978046894,1.4716262817382812
norm_1_loss_l2_ema_fixed,7,640,5.046590376878157e-05,0.006473531946539879,0.0008595784311182797,0.013613233342766762,1.468291163444519
norm_1_loss_l2_ema_fixed,7,660,5.06511569255963e-05,0.006696378346532583,0.0008584628812968731,0.01391057763248682,1.4551795721054077
norm_1_loss_l2_ema_fixed,7,680,5.095427331980318e-05,0.006866855546832085,0.0008360998472198844,0.014254151843488216,1.4431065320968628
norm_1_loss_l2_ema_fixed,7,700,5.139784479979426e-05,0.007037339732050896,0.0008201450691558421,0.014916392974555492,1.4297316074371338
norm_1_loss_l2_ema_fixed,7,720,5.2008876082254574e-05,0.007217912469059229,0.0008168230415321887,0.015826698392629623,1.4148435592651367
norm_1_loss_l2_ema_fixed,7,740,5.282725396682508e-05,0.007396399974822998,0.0008335664751939476,0.01675773411989212,1.40146005153656
norm_1_loss_l2_ema_fixed,7,760,5.3899562772130594e-05,0.007576936390250921,0.0008802799275144935,0.017724892124533653,1.3902225494384766
norm_1_loss_l2_ema_fixed,7,780,5.525631058844738e-05,0.0077710640616714954,0.0009583202190697193,0.01876741833984852,1.3799854516983032
norm_1_loss_l2_ema_fixed,7,800,5.6892742577474564e-05,0.007991891354322433,0.0010596384527161717,0.019933106377720833,1.3692830801010132
norm_1_loss_l2_ema_fixed,7,820,5.8772682677954435e-05,0.008250477723777294,0.0011745087103918195,0.0212672408670187,1.3572163581848145
norm_1_loss_l2_ema_fixed,7,840,6.084364213165827e-05,0.008556566201150417,0.0012970002135261893,0.022814011201262474,1.3435070514678955
norm_1_loss_l2_ema_fixed,7,860,6.305044371401891e-05,0.00892087072134018,0.001252071699127555,0.024623263627290726,1.3281301259994507
norm_1_loss_l2_ema_fixed,7,880,6.533904524985701e-05,0.009357097558677197,0.0011551426723599434,0.026757463812828064,1.3112210035324097
norm_1_loss_l2_ema_fixed,7,900,6.765311263734475e-05,0.009883426129817963,0.0010339986765757203,0.029298407956957817,1.2928967475891113
norm_1_loss_l2_ema_fixed,7,920,6.992369162617251e-05,0.010523942299187183,0.0008869895245879889,0.03235624358057976,1.2733248472213745
norm_1_loss_l2_ema_fixed,7,940,7.20520329196006e-05,0.011310763657093048,0.000712103967089206,0.03608211129903793,1.2526518106460571
norm_1_loss_l2_ema_fixed,7,960,7.38873568479903e-05,0.012287759222090244,0.0005081373383291066,0.040686845779418945,1.2310799360275269
norm_1_loss_l2_ema_fixed,7,980,7.520341023337096e-05,0.01351707149296999,0.0002825066330842674,0.0464680977165699,1.2088021039962769
norm_1_loss_l2_ema_fixed,7,1000,7.569923036498949e-05,0.015092223882675171,0.00017467536963522434,0.05384242162108421,1.1861155033111572
norm_1_loss_l2_ema_fixed,7,1020,7.511083094868809e-05,0.017139310017228127,0.0004491695435717702,0.06333720684051514,1.1634591817855835
norm_1_loss_l2_ema_fixed,7,1040,7.35698631615378e-05,0.019740162417292595,0.0008546191966161132,0.07530997693538666,1.1417874097824097
norm_1_loss_l2_ema_fixed,7,1060,7.166957220761105e-05,0.022741926833987236,0.0008706345688551664,0.08888880163431168,1.122891902923584
norm_1_loss_l2_ema_fixed,7,1080,6.865155592095107e-05,0.02568712830543518,0.0007407452794723213,0.10178281366825104,1.1083858013153076
norm_1_loss_l2_ema_fixed,7,1100,6.262448005145416e-05,0.028709063306450844,0.0008094977820292115,0.1143418550491333,1.0971190929412842
norm_1_loss_l2_ema_fixed,7,1120,5.3609663154929876e-05,0.031985316425561905,0.0008802436641417444,0.12733273208141327,1.0880389213562012
norm_1_loss_l2_ema_fixed,7,1140,4.294835889595561e-05,0.03543293848633766,0.0005440711975097656,0.1410015970468521,1.0811545848846436
norm_1_loss_l2_ema_fixed,7,1160,5.0806909712264314e-05,0.03795886039733887,0.0006160052726045251,0.1527252197265625,1.0796164274215698
norm_1_loss_l2_ema_fixed,7,1180,3.124226350337267e-05,0.041688933968544006,0.0011471285251900554,0.16907818615436554,1.07413649559021
norm_1_loss_l2_ema_fixed,7,1200,1.9916240489692427e-05,0.04528486728668213,0.0019993314053863287,0.18481171131134033,1.0684013366699219
norm_1_loss_l2_ema_fixed,7,1220,1.6728243281249888e-05,0.04831862449645996,0.0031136376783251762,0.1980346441268921,1.0644747018814087
norm_1_loss_l2_ema_fixed,7,1240,5.754517769673839e-05,0.05205428600311279,0.002758113667368889,0.21363618969917297,1.0617225170135498
norm_1_loss_l2_ema_fixed,7,1260,1.616709960217122e-05,0.05389466881752014,0.0020028844010084867,0.22104734182357788,1.060571551322937
norm_1_loss_l2_ema_fixed,7,1280,1.5539211744908243e-05,0.05578130483627319,0.001425818889401853,0.22831577062606812,1.059603214263916
norm_1_loss_l2_ema_fixed,7,1300,2.049824433925096e-05,0.05791289731860161,0.0011582686565816402,0.23636360466480255,1.0585359334945679
norm_1_loss_l2_ema_fixed,7,1320,2.2606453057960607e-05,0.05882306769490242,0.0011245467467233539,0.23927222192287445,1.058180332183838
norm_1_loss_l2_ema_fixed,7,1340,1.0529771316214465e-05,0.05951214209198952,0.0009916996350511909,0.24116182327270508,1.0580030679702759
norm_1_loss_l2_ema_fixed,7,1360,3.910991654265672e-05,0.06023898720741272,0.0015685015823692083,0.24300776422023773,1.0579673051834106
norm_1_loss_l2_ema_fixed,7,1380,1.2569065802381374e-05,0.06151233986020088,0.0023998988326638937,0.24747657775878906,1.057860255241394
norm_1_loss_l2_ema_fixed,7,1400,9.994827451009769e-06,0.06134308502078056,0.003055308945477009,0.24609152972698212,1.0584160089492798
norm_1_loss_l2_ema_fixed,7,1420,9.05438355403021e-06,0.061531245708465576,0.0036668432876467705,0.24612508714199066,1.0586953163146973
norm_1_loss_l2_ema_fixed,7,1440,8.542587238480337e-06,0.061505552381277084,0.0040251342579722404,0.2454047054052353,1.059014081954956
norm_1_loss_l2_ema_fixed,17,20,0.2338462620973587,0.03276325389742851,0.0020200819708406925,0.08165647089481354,1.0545097589492798
norm_1_loss_l2_ema_fixed,17,40,0.013084945268929005,0.02468963898718357,0.0027345744892954826,0.07502932846546173,1.0610017776489258
norm_1_loss_l2_ema_fixed,17,60,0.002420840784907341,0.020853308960795403,0.0011059594107791781,0.06475485861301422,1.0692905187606812
norm_1_loss_l2_ema_fixed,17,80,0.0007840569014661014,0.01924549601972103,0.000653610797598958,0.060470327734947205,1.073740005493164
norm_1_loss_l2_ema_fixed,17,100,0.0005146717303432524,0.018133677542209625,0.00239031994715333,0.05582373961806297,1.0796573162078857
norm_1_loss_l2_ema_fixed,17,120,0.0003891396918334067,0.01708475686609745,0.001292771310545504,0.05087372660636902,1.0887712240219116
norm_1_loss_l2_ema_fixed,17,140,0.00031144157401286066,0.016266172751784325,0.000733649474568665,0.04579911381006241,1.103019118309021
norm_1_loss_l2_ema_fixed,17,160,0.0002553897211328149,0.015576674602925777,0.0008314083679579198,0.04075217619538307,1.1248279809951782
norm_1_loss_l2_ema_fixed,17,180,0.0002113221271429211,0.014931455254554749,0.0007837598095647991,0.039511457085609436,1.1563057899475098
norm_1_loss_l2_ema_fixed,17,200,0.00017608641064725816,0.014344914816319942,0.0009332780609838665,0.03819649666547775,1.1979702711105347
norm_1_loss_l2_ema_fixed,17,220,0.0001487697591073811,0.013832648284733295,0.0015755309723317623,0.03682718053460121,1.247887372970581
norm_1_loss_l2_ema_fixed,17,240,0.00012941795284859836,0.013458902947604656,0.002315388759598136,0.035670675337314606,1.2989238500595093
norm_1_loss_l2_ema_fixed,17,260,0.00011637640272965655,0.013198881410062313,0.0029467714484781027,0.03469075262546539,1.3441588878631592
norm_1_loss_l2_ema_fixed,17,280,0.00010801944154081866,0.01303848996758461,0.002828673692420125,0.03380727022886276,1.379280924797058
norm_1_loss_l2_ema_fixed,17,300,0.00010413174459245056,0.013155934400856495,0.002733294852077961,0.03354450315237045,1.3967938423156738
norm_1_loss_l2_ema_fixed,17,320,0.00010258721158606932,0.013505133800208569,0.0027129945810884237,0.03381898254156113,1.3995310068130493
norm_1_loss_l2_ema_fixed,17,340,0.00010184488928643987,0.014008469879627228,0.00273252185434103,0.03442935273051262,1.3929027318954468
norm_1_loss_l2_ema_fixed,17,360,0.00010113514872500673,0.014631513506174088,0.002782342489808798,0.035278819501399994,1.3805298805236816
norm_1_loss_l2_ema_fixed,17,380,0.00010006637603510171,0.015360941179096699,0.002833331935107708,0.03631976246833801,1.364790916442871
norm_1_loss_l2_ema_fixed,17,400,9.846613829722628e-05,0.016191178932785988,0.002792786108329892,0.037524644285440445,1.3472951650619507
norm_1_loss_l2_ema_fixed,17,420,9.630186832509935e-05,0.01711776666343212,0.0028431436512619257,0.04079239070415497,1.3289910554885864
norm_1_loss_l2_ema_fixed,17,440,9.363375284010544e-05,0.018133899196982384,0.0028165914118289948,0.04463574290275574,1.3105905055999756
norm_1_loss_l2_ema_fixed,17,460,9.057367424247786e-05,0.019228346645832062,0.0027882580179721117,0.0486755408346653,1.2925776243209839
norm_1_loss_l2_ema_fixed,17,480,8.72541859280318e-05,0.020383847877383232,0.0027504339814186096,0.05284719914197922,1.2753167152404785
norm_1_loss_l2_ema_fixed,17,500,8.37971965665929e-05,0.021575264632701874,0.002344210632145405,0.057066284120082855,1.2590714693069458
norm_1_loss_l2_ema_fixed,17,520,8.028615411603823e-05,0.022770127281546593,0.001907428726553917,0.06123695150017738,1.2440303564071655
norm_1_loss_l2_ema_fixed,17,540,7.674966764170676e-05,0.02393302135169506,0.0014568076003342867,0.06526393443346024,1.2303166389465332
norm_1_loss_l2_ema_fixed,17,560,7.316586561501026e-05,0.025033175945281982,0.0010202535195276141,0.06906653940677643,1.2179546356201172
norm_1_loss_l2_ema_fixed,17,580,6.948217924218625e-05,0.026050860062241554,0.0006572707206942141,0.07258933782577515,1.2068854570388794
norm_1_loss_l2_ema_fixed,17,600,6.56537085887976e-05,0.026982739567756653,0.0005229418748058379,0.0758083388209343,1.1969884634017944
norm_1_loss_l2_ema_fixed,17,620,7.757877028780058e-05,0.027751699090003967,0.0006461796001531184,0.07838474214076996,1.1884759664535522
norm_1_loss_l2_ema_fixed,17,640,5.801617953693494e-05,0.028410688042640686,0.0007747753988951445,0.08050058782100677,1.181578278541565
norm_1_loss_l2_ema_fixed,17,660,5.397899076342583e-05,0.02905796468257904,0.0008822319796308875,0.0825580433011055,1.175318717956543
norm_1_loss_l2_ema_fixed,17,680,4.963922401657328e-05,0.029655739665031433,0.0009808599716052413,0.08443515747785568,1.1692638397216797
norm_1_loss_l2_ema_fixed,17,700,4.537036147667095e-05,0.030196182429790497,0.0010794670088216662,0.0861094668507576,1.1635197401046753
norm_1_loss_l2_ema_fixed,17,720,4.114510375075042e-05,0.03069782815873623,0.0011675594141706824,0.08764157444238663,1.1580865383148193
norm_1_loss_l2_ema_fixed,17,740,4.462822835193947e-05,0.0311359241604805,0.001285984762944281,0.08895376324653625,1.1532257795333862
norm_1_loss_l2_ema_fixed,17,760,3.887166894855909e-05,0.03149452805519104,0.001328001730144024,0.09001603722572327,1.1485533714294434
norm_1_loss_l2_ema_fixed,17,780,3.1865303753875196e-05,0.03197881951928139,0.0012882406590506434,0.09143660217523575,1.1447035074234009
norm_1_loss_l2_ema_fixed,17,800,2.673315793799702e-05,0.03243916109204292,0.00124120875261724,0.09275223314762115,1.140748381614685
norm_1_loss_l2_ema_fixed,17,820,2.3814847736502998e-05,0.032828520983457565,0.0012407894246280193,0.09383074194192886,1.136763334274292
norm_1_loss_l2_ema_fixed,17,840,2.1111127352924086e-05,0.033215511590242386,0.0012466913321986794,0.09488695114850998,1.1327859163284302
norm_1_loss_l2_ema_fixed,17,860,1.8696629922487773e-05,0.033597301691770554,0.0012556147994473577,0.09591899812221527,1.1289682388305664
norm_1_loss_l2_ema_fixed,17,880,1.6561216398258694e-05,0.03396447375416756,0.0012651480501517653,0.09690341353416443,1.1252920627593994
norm_1_loss_l2_ema_fixed,17,900,1.6463496649521403e-05,0.034330274909734726,0.0012576134176924825,0.09787867963314056,1.121638298034668
norm_1_loss_l2_ema_fixed,17,920,2.9966053261887282e-05,0.03444841504096985,0.0014286324148997664,0.09818240255117416,1.1189578771591187
norm_1_loss_l2_ema_fixed,17,940,1.653328763495665e-05,0.03507088124752045,0.0012447497574612498,0.09994525462388992,1.1161175966262817
norm_1_loss_l2_ema_fixed,17,960,1.1184363756910898e-05,0.03551425412297249,0.0011694907443597913,0.10116122663021088,1.1136505603790283
norm_1_loss_l2_ema_fixed,17,980,1.0006801858253311e-05,0.035838183015584946,0.0011537375394254923,0.10202562063932419,1.1106888055801392
norm_1_loss_l2_ema_fixed,17,1000,9.12666928343242e-06,0.03619774803519249,0.0011640260927379131,0.10298538208007812,1.1076853275299072
norm_1_loss_l2_ema_fixed,17,1020,8.400920705753379e-06,0.0365578718483448,0.0011747903190553188,0.10414515435695648,1.104799509048462
norm_1_loss_l2_ema_fixed,17,1040,7.7904223871883e-06,0.03689875453710556,0.001186838373541832,0.10542821139097214,1.1020410060882568
norm_1_loss_l2_ema_fixed,17,1060,7.272376478795195e-06,0.03723009675741196,0.001201729872263968,0.10666391998529434,1.0993824005126953
norm_1_loss_l2_ema_fixed,17,1080,6.83245389154763e-06,0.03755299001932144,0.0012185113737359643,0.10785757750272751,1.0968059301376343
norm_1_loss_l2_ema_fixed,17,1100,6.45895624984405e-06,0.037866946309804916,0.0012366173323243856,0.10900948196649551,1.0943149328231812
norm_1_loss_l2_ema_fixed,17,1120,4.150942186242901e-05,0.038202036172151566,0.0011849092552438378,0.11014720052480698,1.091586709022522
norm_1_loss_l2_ema_fixed,17,1140,2.2763000742997974e-05,0.03827476501464844,0.0013771047815680504,0.11088535934686661,1.0900685787200928
norm_1_loss_l2_ema_fixed,17,1160,9.83283553068759e-06,0.039082881063222885,0.0011784386588260531,0.1127680167555809,1.0884379148483276
norm_1_loss_l2_ema_fixed,17,1180,5.7923011809180025e-06,0.03940258175134659,0.0011435002088546753,0.11371783167123795,1.086624026298523
norm_1_loss_l2_ema_fixed,17,1200,5.49054357179557e-06,0.03975418210029602,0.0011798364575952291,0.11503905057907104,1.0843892097473145
norm_1_loss_l2_ema_fixed,17,1220,5.315335329214577e-06,0.04015760496258736,0.0012102305190637708,0.11647267639636993,1.0822092294692993
norm_1_loss_l2_ema_fixed,17,1240,5.180449988984037e-06,0.04052695631980896,0.0012403136352077127,0.11777960509061813,1.080167531967163
norm_1_loss_l2_ema_fixed,17,1260,5.0621479203982744e-06,0.040898218750953674,0.0012707534478977323,0.11908748000860214,1.0781813859939575
norm_1_loss_l2_ema_fixed,17,1280,4.957215423928574e-06,0.04126601293683052,0.0013031496200710535,0.1203833594918251,1.0762546062469482
norm_1_loss_l2_ema_fixed,17,1300,4.863671620114474e-06,0.04162915423512459,0.0013359400909394026,0.12166048586368561,1.074399709701538
norm_1_loss_l2_ema_fixed,17,1320,4.7802573135413695e-06,0.04198930785059929,0.0013689565239474177,0.12292478233575821,1.0726003646850586
norm_1_loss_l2_ema_fixed,17,1340,0.00014183179882820696,0.042325496673583984,0.001266430364921689,0.1240607276558876,1.0703774690628052
norm_1_loss_l2_ema_fixed,17,1360,4.62947427877225e-05,0.04249713942408562,0.0015054265968501568,0.12497354298830032,1.0697956085205078
norm_1_loss_l2_ema_fixed,17,1380,9.759279237187002e-06,0.04364984109997749,0.0012343290727585554,0.12743601202964783,1.0691908597946167
norm_1_loss_l2_ema_fixed,17,1400,4.895523034065263e-06,0.04395148158073425,0.0012169633992016315,0.1284017562866211,1.0676549673080444
norm_1_loss_l2_ema_fixed,17,1420,4.785548753716284e-06,0.04454658553004265,0.0012912752572447062,0.13049858808517456,1.0658559799194336
norm_1_loss_l2_ema_fixed,17,1440,4.719118351204088e-06,0.04506559297442436,0.0013359810691326857,0.13223743438720703,1.0642504692077637
norm_1_loss_l2_ema_fixed,27,20,0.18541938066482544,0.029968276619911194,0.002855079248547554,0.06171548366546631,1.0356918573379517
norm_1_loss_l2_ema_fixed,27,40,0.014248485676944256,0.02388141117990017,0.003433937905356288,0.04830209165811539,1.0459555387496948
norm_1_loss_l2_ema_fixed,27,60,0.00244289287365973,0.020629681646823883,0.0022863547783344984,0.04809669032692909,1.050243616104126
norm_1_loss_l2_ema_fixed,27,80,0.0010081034852191806,0.01945018395781517,0.003173846285790205,0.04571159929037094,1.052594780921936
norm_1_loss_l2_ema_fixed,27,100,0.0007026516832411289,0.01814037747681141,0.0016052662394940853,0.04417463392019272,1.0552946329116821
norm_1_loss_l2_ema_fixed,27,120,0.000553883786778897,0.01713734306395054,0.0002580055734142661,0.04278995469212532,1.0578577518463135
norm_1_loss_l2_ema_fixed,27,140,0.00046131593990139663,0.016197865828871727,0.0005600261501967907,0.04111497476696968,1.0611600875854492
norm_1_loss_l2_ema_fixed,27,160,0.0003861072182189673,0.015281190164387226,0.000262169458437711,0.03944062441587448,1.0652072429656982
norm_1_loss_l2_ema_fixed,27,180,0.000323078827932477,0.014374951831996441,0.0007743284804746509,0.03770601376891136,1.070482611656189
norm_1_loss_l2_ema_fixed,27,200,0.00026964853168465197,0.013453987427055836,0.001294068992137909,0.035940028727054596,1.0776737928390503
norm_1_loss_l2_ema_fixed,27,220,0.0002238356100860983,0.012518077157437801,0.0015225736424326897,0.03414621949195862,1.0879478454589844
norm_1_loss_l2_ema_fixed,27,240,0.00018472042575012892,0.011570786125957966,0.0009344687568955123,0.0323278084397316,1.1030590534210205
norm_1_loss_l2_ema_fixed,27,260,0.00015177532623056322,0.010629869066178799,0.00041791965486481786,0.030492352321743965,1.1252164840698242
norm_1_loss_l2_ema_fixed,27,280,0.00012479102588258684,0.00978913251310587,0.00035501178354024887,0.028658533468842506,1.1565473079681396
norm_1_loss_l2_ema_fixed,27,300,0.00010380656749475747,0.00920078344643116,0.0007999941590242088,0.02686309441924095,1.1979120969772339
norm_1_loss_l2_ema_fixed,27,320,8.892206096788868e-05,0.00881117396056652,0.000978416414000094,0.025170262902975082,1.247015357017517
norm_1_loss_l2_ema_fixed,27,340,7.997108332347125e-05,0.008626529015600681,0.0014522462151944637,0.023673484101891518,1.2969191074371338
norm_1_loss_l2_ema_fixed,27,360,7.61730843805708e-05,0.008633609861135483,0.001736268401145935,0.02247866988182068,1.3378965854644775
norm_1_loss_l2_ema_fixed,27,380,7.611123146489263e-05,0.008776810951530933,0.001225473009981215,0.021662244573235512,1.3625781536102295
norm_1_loss_l2_ema_fixed,27,400,7.820507016731426e-05,0.009023145772516727,0.0008498096722178161,0.02169259451329708,1.3699613809585571
norm_1_loss_l2_ema_fixed,27,420,8.127254841383547e-05,0.009346862323582172,0.0005793209420517087,0.022174911573529243,1.3641610145568848
norm_1_loss_l2_ema_fixed,27,440,8.467561565339565e-05,0.009731210768222809,0.0003719333035405725,0.02268417924642563,1.3505192995071411
norm_1_loss_l2_ema_fixed,27,460,8.813268505036831e-05,0.010169767774641514,0.00019534288730937988,0.02324494533240795,1.3331300020217896
norm_1_loss_l2_ema_fixed,27,480,9.15221098694019e-05,0.010666587390005589,9.647433762438595e-05,0.02387886494398117,1.3142588138580322
norm_1_loss_l2_ema_fixed,27,500,9.477941057411954e-05,0.011235627345740795,0.00024920032592490315,0.02460446208715439,1.294895052909851
norm_1_loss_l2_ema_fixed,27,520,9.784845315152779e-05,0.011879347264766693,0.00047944788821041584,0.025437869131565094,1.2754384279251099
norm_1_loss_l2_ema_fixed,27,540,0.00010064691741717979,0.01260854210704565,0.0007530603907071054,0.02639337256550789,1.2560683488845825
norm_1_loss_l2_ema_fixed,27,560,0.00010304074385203421,0.013440627604722977,0.0004833717830479145,0.027910839766263962,1.2368789911270142
norm_1_loss_l2_ema_fixed,27,580,0.0001048261983669363,0.014404882676899433,0.000643224164377898,0.031524352729320526,1.2179896831512451
norm_1_loss_l2_ema_fixed,27,600,0.00010573415784165263,0.015512560494244099,0.0012002962175756693,0.03564780205488205,1.1995736360549927
norm_1_loss_l2_ema_fixed,27,620,0.00010547966667218134,0.016762038692831993,0.0019382680766284466,0.040325988084077835,1.181869626045227
norm_1_loss_l2_ema_fixed,27,640,0.00010386141366325319,0.018149442970752716,0.002807514974847436,0.04556180536746979,1.165174961090088
norm_1_loss_l2_ema_fixed,27,660,0.00010085951362270862,0.0196601003408432,0.002604401670396328,0.05129734054207802,1.1498157978057861
norm_1_loss_l2_ema_fixed,27,680,9.662454249337316e-05,0.02126353047788143,0.002301230560988188,0.05739639326930046,1.1359578371047974
norm_1_loss_l2_ema_fixed,27,700,9.137032611761242e-05,0.02291949652135372,0.0019832083489745855,0.06365876644849777,1.1236952543258667
norm_1_loss_l2_ema_fixed,27,720,8.528877515345812e-05,0.024596408009529114,0.0017809976125136018,0.0698837861418724,1.1130493879318237
norm_1_loss_l2_ema_fixed,27,740,7.852041017031297e-05,0.026285050436854362,0.001978539861738682,0.07593198865652084,1.1038111448287964
norm_1_loss_l2_ema_fixed,27,760,7.118608482414857e-05,0.02799002081155777,0.0027448399923741817,0.08174780756235123,1.0956294536590576
norm_1_loss_l2_ema_fixed,27,780,6.344115536194295e-05,0.02971559949219227,0.0032066823914647102,0.0873364508152008,1.0881518125534058
norm_1_loss_l2_ema_fixed,27,800,5.58961219212506e-05,0.03143680468201637,0.0031977975741028786,0.09262830764055252,1.081842303276062
norm_1_loss_l2_ema_fixed,27,820,4.805485878023319e-05,0.03312063589692116,0.0032144696451723576,0.0975826159119606,1.0770295858383179
norm_1_loss_l2_ema_fixed,27,840,4.1347146179759875e-05,0.034895818680524826,0.0031754474621266127,0.10267676413059235,1.0724372863769531
norm_1_loss_l2_ema_fixed,27,860,3.981032932642847e-05,0.03645063564181328,0.003243419574573636,0.10691278427839279,1.0686724185943604
norm_1_loss_l2_ema_fixed,27,880,2.9755670766462572e-05,0.03815121948719025,0.0032214890234172344,0.11153730750083923,1.065322995185852
norm_1_loss_l2_ema_fixed,27,900,4.26049082307145e-05,0.03967906907200813,0.0033028104808181524,0.11568854749202728,1.0623376369476318
norm_1_loss_l2_ema_fixed,27,920,1.8948396245832555e-05,0.041124824434518814,0.003316420130431652,0.11957702785730362,1.059494972229004
norm_1_loss_l2_ema_fixed,27,940,1.5745501514174975e-05,0.04264906048774719,0.003355856752023101,0.12380106002092361,1.0571279525756836
norm_1_loss_l2_ema_fixed,27,960,3.606778773246333e-05,0.04392138496041298,0.0034314400982111692,0.12739558517932892,1.0546578168869019
norm_1_loss_l2_ema_fixed,27,980,1.4106461094343103e-05,0.04522191360592842,0.0035300611052662134,0.13108587265014648,1.052886724472046
norm_1_loss_l2_ema_fixed,27,1000,1.3861282241123263e-05,0.046437621116638184,0.0036400414537638426,0.1346316784620285,1.0511789321899414
norm_1_loss_l2_ema_fixed,27,1020,7.42255679142545e-06,0.047591906040906906,0.003688286989927292,0.1380188912153244,1.049425482749939
norm_1_loss_l2_ema_fixed,27,1040,1.7624895917833783e-05,0.04851799085736275,0.0038313993718475103,0.1407996118068695,1.048069953918457
norm_1_loss_l2_ema_fixed,27,1060,5.598160896624904e-06,0.04990442097187042,0.003752110991626978,0.14483033120632172,1.0467497110366821
norm_1_loss_l2_ema_fixed,27,1080,6.148144166218117e-06,0.050901759415864944,0.00382085214368999,0.14786536991596222,1.0454175472259521
norm_1_loss_l2_ema_fixed,27,1100,5.241377584752627e-05,0.05175663158297539,0.003935815300792456,0.1505098044872284,1.0442358255386353
norm_1_loss_l2_ema_fixed,27,1120,9.802019121707417e-06,0.05306566134095192,0.0038287488278001547,0.15430575609207153,1.0432889461517334
norm_1_loss_l2_ema_fixed,27,1140,4.374619948066538e-06,0.05399375781416893,0.0038790786638855934,0.15713723003864288,1.0422489643096924
norm_1_loss_l2_ema_fixed,27,1160,4.540336703939829e-06,0.055069372057914734,0.0039041561540216208,0.1603950560092926,1.0412006378173828
norm_1_loss_l2_ema_fixed,27,1180,5.7963388826465234e-05,0.05532914400100708,0.0040061455219984055,0.16126123070716858,1.0406633615493774
norm_1_loss_l2_ema_fixed,27,1200,8.222374162869528e-06,0.0571448914706707,0.0038662052247673273,0.16647982597351074,1.039902687072754
norm_1_loss_l2_ema_fixed,27,1220,5.1487868404365145e-06,0.05804337188601494,0.0039341324009001255,0.16922855377197266,1.0390355587005615
norm_1_loss_l2_ema_fixed,27,1240,4.5643546400242485e-06,0.059008121490478516,0.00397864542901516,0.17214538156986237,1.038253664970398
norm_1_loss_l2_ema_fixed,27,1260,4.6780778575339355e-06,0.060013581067323685,0.004034920129925013,0.17517128586769104,1.0374836921691895
norm_1_loss_l2_ema_fixed,27,1280,7.993375038495287e-05,0.060203831642866135,0.004226396791636944,0.1758636087179184,1.0369703769683838
norm_1_loss_l2_ema_fixed,27,1300,6.164833848743001e-06,0.0621514730155468,0.00399648305028677,0.1813371628522873,1.0366973876953125
norm_1_loss_l2_ema_fixed,27,1320,5.364314802136505e-06,0.06288188695907593,0.004070282448083162,0.1835673451423645,1.0361528396606445
norm_1_loss_l2_ema_fixed,27,1340,5.580900960922008e-06,0.06382756680250168,0.004155509639531374,0.18642506003379822,1.0355322360992432
norm_1_loss_l2_ema_fixed,27,1360,5.616524504148401e-06,0.0647963359951973,0.004243430215865374,0.18932728469371796,1.0349878072738647
norm_1_loss_l2_ema_fixed,27,1380,5.798290658276528e-06,0.06571289151906967,0.004337024409323931,0.1920660138130188,1.0344887971878052
norm_1_loss_l2_ema_fixed,27,1400,0.00013019957987125963,0.06588566303253174,0.004415931645780802,0.19257786870002747,1.035300374031067
norm_1_loss_l2_ema_fixed,27,1420,1.3068149200989865e-05,0.06778556108474731,0.004320971202105284,0.19797393679618835,1.0342611074447632
norm_1_loss_l2_ema_fixed,27,1440,1.0152941285923589e-05,0.0684211328625679,0.004417197313159704,0.1999160796403885,1.0338258743286133
norm_1_loss_l2_ema_scheduled,7,20,0.18327686190605164,0.01815180294215679,0.0010021982016041875,0.045770954340696335,1.084062933921814
norm_1_loss_l2_ema_scheduled,7,40,0.013517702929675579,0.013113491237163544,0.0037845480255782604,0.032469168305397034,1.1150188446044922
norm_1_loss_l2_ema_scheduled,7,60,0.0020393626764416695,0.01101316511631012,0.0017915830248966813,0.03089241310954094,1.1318402290344238
norm_1_loss_l2_ema_scheduled,7,80,0.0013224624563008547,0.010821308009326458,0.0012210406130179763,0.02968682534992695,1.1339483261108398
norm_1_loss_l2_ema_scheduled,7,100,0.0010336667764931917,0.010590799152851105,0.0006056699203327298,0.028761310502886772,1.1368587017059326
norm_1_loss_l2_ema_scheduled,7,120,0.0009479692671447992,0.010317724198102951,0.00030371148022823036,0.027645906433463097,1.140428066253662
norm_1_loss_l2_ema_scheduled,7,140,0.000866711896378547,0.010118801146745682,0.0006973354029469192,0.026624072343111038,1.143694281578064
norm_1_loss_l2_ema_scheduled,7,160,0.0007937558111734688,0.009902737103402615,0.0006899636355228722,0.025605009868741035,1.1476268768310547
norm_1_loss_l2_ema_scheduled,7,180,0.0007214614888653159,0.009634391404688358,0.0009837301913648844,0.026226278394460678,1.1530241966247559
norm_1_loss_l2_ema_scheduled,7,200,0.0006541773327626288,0.009335106238722801,0.001347284414805472,0.02691725082695484,1.1593632698059082
norm_1_loss_l2_ema_scheduled,7,220,0.000593807955738157,0.009106363169848919,0.0013485128292813897,0.027594607323408127,1.1649442911148071
norm_1_loss_l2_ema_scheduled,7,240,0.0005403915420174599,0.008919467218220234,0.0009712895844131708,0.02818107232451439,1.170717716217041
norm_1_loss_l2_ema_scheduled,7,260,0.0004935628967359662,0.00876474380493164,0.0005723367212340236,0.02864014357328415,1.1770333051681519
norm_1_loss_l2_ema_scheduled,7,280,0.00045286191743798554,0.008638214319944382,0.00029755927971564233,0.028977015987038612,1.1839417219161987
norm_1_loss_l2_ema_scheduled,7,300,0.00041771322139538825,0.008542844094336033,0.0003484342014417052,0.029209068045020103,1.1914775371551514
norm_1_loss_l2_ema_scheduled,7,320,0.0003874666290357709,0.00846380740404129,0.0005921531119383872,0.029355356469750404,1.199683666229248
norm_1_loss_l2_ema_scheduled,7,340,0.00036148412618786097,0.008389714173972607,0.000849673175252974,0.029431656002998352,1.2086114883422852
norm_1_loss_l2_ema_scheduled,7,360,0.0003391822974663228,0.008319524116814137,0.0006876683910377324,0.029451802372932434,1.2182518243789673
norm_1_loss_l2_ema_scheduled,7,380,0.0003200292121618986,0.008254735730588436,0.0005731391720473766,0.029428383335471153,1.2286028861999512
norm_1_loss_l2_ema_scheduled,7,400,0.0003035399131476879,0.00819790456444025,0.0005287420935928822,0.02937452122569084,1.2396091222763062
norm_1_loss_l2_ema_scheduled,7,420,0.00028929291875101626,0.008151634596288204,0.0005599891301244497,0.029303409159183502,1.2512127161026
norm_1_loss_l2_ema_scheduled,7,440,0.00027692507137544453,0.008117493242025375,0.0006475867121480405,0.029227489605545998,1.263243556022644
norm_1_loss_l2_ema_scheduled,7,460,0.0002661213220562786,0.00809694454073906,0.0007659082184545696,0.02915901504456997,1.2755413055419922
norm_1_loss_l2_ema_scheduled,7,480,0.0002566026523709297,0.008091863244771957,0.0008974551456049085,0.029109586030244827,1.2878376245498657
norm_1_loss_l2_ema_scheduled,7,500,0.0002481293340679258,0.008104562759399414,0.0010323884198442101,0.02909085899591446,1.2999404668807983
norm_1_loss_l2_ema_scheduled,7,520,0.00024049103376455605,0.0081375353038311,0.0011651813983917236,0.029113395139575005,1.3114851713180542
norm_1_loss_l2_ema_scheduled,7,540,0.00023350576520897448,0.008193510584533215,0.0012924647890031338,0.029186377301812172,1.3221627473831177
norm_1_loss_l2_ema_scheduled,7,560,0.0002270118857268244,0.008275815285742283,0.0014118251856416464,0.029318954795598984,1.331635594367981
norm_1_loss_l2_ema_scheduled,7,580,0.00022086581157054752,0.008388387970626354,0.0015214986633509398,0.029518309980630875,1.3396291732788086
norm_1_loss_l2_ema_scheduled,7,600,0.00021494072279892862,0.00853565614670515,0.001619956223294139,0.029790351167321205,1.3458319902420044
norm_1_loss_l2_ema_scheduled,7,620,0.00020911979663651437,0.008722090162336826,0.0017056971555575728,0.030139818787574768,1.350021481513977
norm_1_loss_l2_ema_scheduled,7,640,0.0002032943448284641,0.008951466530561447,0.0017547925235703588,0.030570778995752335,1.3520058393478394
norm_1_loss_l2_ema_scheduled,7,660,0.00019735953537747264,0.009227207861840725,0.0017368473345413804,0.031086860224604607,1.3516403436660767
norm_1_loss_l2_ema_scheduled,7,680,0.00019120897923130542,0.009553883224725723,0.0017326686065644026,0.03169180080294609,1.348789930343628
norm_1_loss_l2_ema_scheduled,7,700,0.00018473285308573395,0.009938462637364864,0.0016353243263438344,0.03239043429493904,1.3433173894882202
norm_1_loss_l2_ema_scheduled,7,720,0.0001778160803951323,0.010391219519078732,0.001559331314638257,0.033189039677381516,1.3351582288742065
norm_1_loss_l2_ema_scheduled,7,740,0.00017033889889717102,0.010926946066319942,0.00150239875074476,0.03409650921821594,1.3242541551589966
norm_1_loss_l2_ema_scheduled,7,760,0.00016218679957091808,0.01156612765043974,0.0012828913750126958,0.03512280434370041,1.3107154369354248
norm_1_loss_l2_ema_scheduled,7,780,0.00015326727589126676,0.012335198931396008,0.0009504648623988032,0.03627492114901543,1.2948570251464844
norm_1_loss_l2_ema_scheduled,7,800,0.00014353406731970608,0.013263784348964691,0.0006667994312010705,0.0376775898039341,1.2772070169448853
norm_1_loss_l2_ema_scheduled,7,820,0.00013302580919116735,0.014382700435817242,0.0006086131907068193,0.04206422343850136,1.258318543434143
norm_1_loss_l2_ema_scheduled,7,840,0.00012192496797069907,0.01571551524102688,0.000856917817145586,0.04715236648917198,1.23870849609375
norm_1_loss_l2_ema_scheduled,7,860,0.00011063428974011913,0.017267800867557526,0.0007975175976753235,0.05295686423778534,1.2189054489135742
norm_1_loss_l2_ema_scheduled,7,880,9.979019523598254e-05,0.01900949887931347,0.0012722988612949848,0.059314943850040436,1.1996617317199707
norm_1_loss_l2_ema_scheduled,7,900,9.005449101096019e-05,0.02081266976892948,0.0018175361910834908,0.06575704365968704,1.1821027994155884
norm_1_loss_l2_ema_scheduled,7,920,8.167150372173637e-05,0.022465823218226433,0.001826386316679418,0.07305444031953812,1.1673089265823364
norm_1_loss_l2_ema_scheduled,7,940,7.430737605318427e-05,0.023794690147042274,0.001634797197766602,0.0799858346581459,1.1555742025375366
norm_1_loss_l2_ema_scheduled,7,960,6.753249181201681e-05,0.024796515703201294,0.001290472224354744,0.08588895946741104,1.1461596488952637
norm_1_loss_l2_ema_scheduled,7,980,6.119081808719784e-05,0.025600435212254524,0.0008346069953404367,0.09120377898216248,1.1380926370620728
norm_1_loss_l2_ema_scheduled,7,1000,5.5275777413044125e-05,0.026325136423110962,0.0003593453438952565,0.09631524980068207,1.1307789087295532
norm_1_loss_l2_ema_scheduled,7,1020,4.979666482540779e-05,0.02704240381717682,0.0005655460990965366,0.10132291167974472,1.1240146160125732
norm_1_loss_l2_ema_scheduled,7,1040,4.475990863284096e-05,0.02774798683822155,0.0012542877811938524,0.10616349428892136,1.11774742603302
norm_1_loss_l2_ema_scheduled,7,1060,4.016634920844808e-05,0.02843262255191803,0.0011279067257419229,0.1107630804181099,1.1119359731674194
norm_1_loss_l2_ema_scheduled,7,1080,3.60093945346307e-05,0.02911595068871975,0.0011658332077786326,0.11507825553417206,1.1065361499786377
norm_1_loss_l2_ema_scheduled,7,1100,3.227344495826401e-05,0.029802419245243073,0.0013802079483866692,0.11908424645662308,1.101502776145935
norm_1_loss_l2_ema_scheduled,7,1120,2.893476266763173e-05,0.030478620901703835,0.0010110583389177918,0.12276852130889893,1.0968269109725952
norm_1_loss_l2_ema_scheduled,7,1140,2.5963612642954104e-05,0.031147660687565804,0.0011243456974625587,0.1261281818151474,1.0924632549285889
norm_1_loss_l2_ema_scheduled,7,1160,2.332722579012625e-05,0.03180219978094101,0.001757272519171238,0.12917032837867737,1.0883796215057373
norm_1_loss_l2_ema_scheduled,7,1180,2.1010175260016695e-05,0.03243151679635048,0.002342654624953866,0.131927490234375,1.0845476388931274
norm_1_loss_l2_ema_scheduled,7,1200,1.8935421394417062e-05,0.03301756829023361,0.0022188357543200254,0.13437791168689728,1.0809266567230225
norm_1_loss_l2_ema_scheduled,7,1220,1.7104755897889845e-05,0.03356896713376045,0.002145053818821907,0.13658106327056885,1.0774991512298584
norm_1_loss_l2_ema_scheduled,7,1240,1.5496556443395093e-05,0.03408663347363472,0.002116893418133259,0.1385708749294281,1.0742446184158325
norm_1_loss_l2_ema_scheduled,7,1260,1.412714300386142e-05,0.034580081701278687,0.0021303158719092607,0.14040547609329224,1.0711745023727417
norm_1_loss_l2_ema_scheduled,7,1280,1.2863184565503616e-05,0.03502659872174263,0.002180951414629817,0.14201463758945465,1.0682814121246338
norm_1_loss_l2_ema_scheduled,7,1300,1.177171816379996e-05,0.03543487563729286,0.0022636873181909323,0.14345283806324005,1.0655794143676758
norm_1_loss_l2_ema_scheduled,7,1320,1.0817040674737655e-05,0.03581582382321358,0.002375024603679776,0.14476723968982697,1.0630607604980469
norm_1_loss_l2_ema_scheduled,7,1340,1.000572410703171e-05,0.03617265447974205,0.002511231694370508,0.14597633481025696,1.0607234239578247
norm_1_loss_l2_ema_scheduled,7,1360,9.473254067415837e-06,0.036437034606933594,0.0026647900231182575,0.1468183547258377,1.0585721731185913
norm_1_loss_l2_ema_scheduled,7,1380,8.734645234653726e-06,0.03678102791309357,0.0028367075137794018,0.14795725047588348,1.0567048788070679
norm_1_loss_l2_ema_scheduled,7,1400,8.18062289908994e-06,0.03705378994345665,0.003018773626536131,0.148808091878891,1.0550097227096558
norm_1_loss_l2_ema_scheduled,7,1420,7.737723535683472e-06,0.037321943789720535,0.0032107497099786997,0.14962293207645416,1.053485631942749
norm_1_loss_l2_ema_scheduled,7,1440,8.206366146623623e-06,0.037555258721113205,0.0033418675884604454,0.15026824176311493,1.052186369895935
norm_1_loss_l2_ema_scheduled,17,20,0.23265494406223297,0.03249615430831909,0.0030240369960665703,0.08120844513177872,1.0549235343933105
norm_1_loss_l2_ema_scheduled,17,40,0.012822495773434639,0.024909749627113342,0.0019238183740526438,0.07485735416412354,1.061527967453003
norm_1_loss_l2_ema_scheduled,17,60,0.0019954026211053133,0.020751114934682846,0.0004873973084613681,0.06341233849525452,1.0726536512374878
norm_1_loss_l2_ema_scheduled,17,80,0.0009357559029012918,0.018523985520005226,0.0006394031806848943,0.05857108160853386,1.0797947645187378
norm_1_loss_l2_ema_scheduled,17,100,0.0007273087394423783,0.016536839306354523,0.00043403246672824025,0.05279098078608513,1.089284062385559
norm_1_loss_l2_ema_scheduled,17,120,0.0006146216182969511,0.014794749207794666,0.0005206380155868828,0.04759824275970459,1.1015623807907104
norm_1_loss_l2_ema_scheduled,17,140,0.0005357723566703498,0.013361033983528614,0.0009857912082225084,0.042558491230010986,1.1188064813613892
norm_1_loss_l2_ema_scheduled,17,160,0.0004691559006460011,0.01226057019084692,0.0008559587877243757,0.037592384964227676,1.1445260047912598
norm_1_loss_l2_ema_scheduled,17,180,0.0004129434237256646,0.011497418396174908,0.0009528883965685964,0.03276367112994194,1.1832431554794312
norm_1_loss_l2_ema_scheduled,17,200,0.00036224533687345684,0.011068976484239101,0.001096004038117826,0.028093690052628517,1.2387170791625977
norm_1_loss_l2_ema_scheduled,17,220,0.0003170169657096267,0.011055603623390198,0.0009955846471711993,0.023873694241046906,1.3074618577957153
norm_1_loss_l2_ema_scheduled,17,240,0.0002772783045656979,0.01138513907790184,0.001239101286046207,0.023880714550614357,1.3730961084365845
norm_1_loss_l2_ema_scheduled,17,260,0.00024286827829200774,0.011981487274169922,0.0016833865083754063,0.026062941178679466,1.4160518646240234
norm_1_loss_l2_ema_scheduled,17,280,0.0002131075452780351,0.012798591516911983,0.0021913705859333277,0.028955144807696342,1.4303275346755981
norm_1_loss_l2_ema_scheduled,17,300,0.00018738028302323073,0.013796229846775532,0.0022086487151682377,0.03242110088467598,1.422383427619934
norm_1_loss_l2_ema_scheduled,17,320,0.00016530731227248907,0.014935177750885487,0.0019107823027297854,0.03630445525050163,1.4018512964248657
norm_1_loss_l2_ema_scheduled,17,340,0.00014668457151856273,0.01616482622921467,0.0015549189411103725,0.04043752700090408,1.3760972023010254
norm_1_loss_l2_ema_scheduled,17,360,0.00013136638153810054,0.017432669177651405,0.0012357424711808562,0.044646624475717545,1.3496050834655762
norm_1_loss_l2_ema_scheduled,17,380,0.0001191673509310931,0.018695972859859467,0.001111297751776874,0.04876035824418068,1.3246556520462036
norm_1_loss_l2_ema_scheduled,17,400,0.00010979949001921341,0.019919851794838905,0.0012999402824789286,0.0526234395802021,1.3021517992019653
norm_1_loss_l2_ema_scheduled,17,420,0.00010287405166309327,0.021072283387184143,0.0017140707932412624,0.05611224099993706,1.2822736501693726
norm_1_loss_l2_ema_scheduled,17,440,9.795615187613294e-05,0.022133372724056244,0.00222461367957294,0.05914774164557457,1.2648074626922607
norm_1_loss_l2_ema_scheduled,17,460,9.46238506003283e-05,0.02310115098953247,0.002766163321211934,0.06170162186026573,1.249408483505249
norm_1_loss_l2_ema_scheduled,17,480,9.251245501218364e-05,0.023988889530301094,0.0033122077584266663,0.06379176676273346,1.2356702089309692
norm_1_loss_l2_ema_scheduled,17,500,9.133101411862299e-05,0.024819962680339813,0.003377458080649376,0.0654701218008995,1.2232141494750977
norm_1_loss_l2_ema_scheduled,17,520,9.084783960133791e-05,0.025621285662055016,0.0035848652478307486,0.06680682301521301,1.2117387056350708
norm_1_loss_l2_ema_scheduled,17,540,9.086306090466678e-05,0.02641804702579975,0.003935913555324078,0.06787646561861038,1.2009907960891724
norm_1_loss_l2_ema_scheduled,17,560,9.118258458329365e-05,0.02723182551562786,0.003621633630245924,0.06874805688858032,1.1907893419265747
norm_1_loss_l2_ema_scheduled,17,580,9.15995187824592e-05,0.028080930933356285,0.0032548890449106693,0.06948091834783554,1.1810113191604614
norm_1_loss_l2_ema_scheduled,17,600,9.18862278922461e-05,0.028980372473597527,0.002832204569131136,0.07012268155813217,1.1715712547302246
norm_1_loss_l2_ema_scheduled,17,620,9.179562039207667e-05,0.02994188852608204,0.002348159207031131,0.07071004807949066,1.1624369621276855
norm_1_loss_l2_ema_scheduled,17,640,9.107114601647481e-05,0.030973950400948524,0.0017971211345866323,0.07487781345844269,1.1535836458206177
norm_1_loss_l2_ema_scheduled,17,660,8.946617163019255e-05,0.032082002609968185,0.0011785513488575816,0.07955919951200485,1.1450262069702148
norm_1_loss_l2_ema_scheduled,17,680,8.676973811816424e-05,0.03326880559325218,0.0005354966269806027,0.0845421701669693,1.1367899179458618
norm_1_loss_l2_ema_scheduled,17,700,8.284094656119123e-05,0.03455551341176033,0.0005337895709089935,0.08978045731782913,1.1289085149765015
norm_1_loss_l2_ema_scheduled,17,720,7.764522888464853e-05,0.035931892693042755,0.0013306329492479563,0.09520263224840164,1.1214264631271362
norm_1_loss_l2_ema_scheduled,17,740,7.128404831746593e-05,0.03734558820724487,0.002252178266644478,0.10071565210819244,1.1143584251403809
norm_1_loss_l2_ema_scheduled,17,760,6.460968870669603e-05,0.038779616355895996,0.003190777963027358,0.10627388209104538,1.1077193021774292
norm_1_loss_l2_ema_scheduled,17,780,5.718630927731283e-05,0.03997403755784035,0.0039598457515239716,0.11050354689359665,1.1020400524139404
norm_1_loss_l2_ema_scheduled,17,800,4.895191887044348e-05,0.04113593325018883,0.004634638782590628,0.11445866525173187,1.0972819328308105
norm_1_loss_l2_ema_scheduled,17,820,4.171203909208998e-05,0.042331550270318985,0.004941729363054037,0.11849694699048996,1.0926167964935303
norm_1_loss_l2_ema_scheduled,17,840,3.469902367214672e-05,0.043464284390211105,0.004974721930921078,0.1222599521279335,1.0881330966949463
norm_1_loss_l2_ema_scheduled,17,860,2.868524461518973e-05,0.0445321686565876,0.005006964318454266,0.12576666474342346,1.0839896202087402
norm_1_loss_l2_ema_scheduled,17,880,7.959341746754944e-05,0.04552381858229637,0.005113919731229544,0.12896950542926788,1.080082654953003
norm_1_loss_l2_ema_scheduled,17,900,2.445842619636096e-05,0.04619160667061806,0.0050974758341908455,0.13093869388103485,1.0773392915725708
norm_1_loss_l2_ema_scheduled,17,920,1.7727634258335456e-05,0.04702834412455559,0.005280707962810993,0.1335667073726654,1.074830412864685
norm_1_loss_l2_ema_scheduled,17,940,1.4250508684199303e-05,0.04772906377911568,0.005161506589502096,0.1356928050518036,1.072245717048645
norm_1_loss_l2_ema_scheduled,17,960,1.2484336366469506e-05,0.04841276630759239,0.005024731624871492,0.13774141669273376,1.0696425437927246
norm_1_loss_l2_ema_scheduled,17,980,4.580671520670876e-05,0.04877164587378502,0.004902390297502279,0.13865990936756134,1.0676379203796387
norm_1_loss_l2_ema_scheduled,17,1000,1.0200191354670096e-05,0.04933379963040352,0.004829425364732742,0.14038200676441193,1.0659488439559937
norm_1_loss_l2_ema_scheduled,17,1020,9.382472853758372e-06,0.049905505031347275,0.004856733605265617,0.1421656608581543,1.0643486976623535
norm_1_loss_l2_ema_scheduled,17,1040,8.363608685613144e-06,0.050317566841840744,0.0048058414831757545,0.143356055021286,1.0625824928283691
norm_1_loss_l2_ema_scheduled,17,1060,9.488391697232146e-06,0.050761908292770386,0.004782220348715782,0.1446327120065689,1.0608106851577759
norm_1_loss_l2_ema_scheduled,17,1080,2.5036644728970714e-05,0.05088701844215393,0.004629562608897686,0.14486485719680786,1.059300422668457
norm_1_loss_l2_ema_scheduled,17,1100,1.1116616406070534e-05,0.051220450550317764,0.004893828183412552,0.14592690765857697,1.0588501691818237
norm_1_loss_l2_ema_scheduled,17,1120,6.904743258928647e-06,0.05149558186531067,0.005103551782667637,0.1467941850423813,1.0579543113708496
norm_1_loss_l2_ema_scheduled,17,1140,6.597421361220768e-06,0.05172613635659218,0.005111076403409243,0.14743508398532867,1.0566160678863525
norm_1_loss_l2_ema_scheduled,17,1160,6.302391284407349e-06,0.052005019038915634,0.005150813143700361,0.14821255207061768,1.0553500652313232
norm_1_loss_l2_ema_scheduled,17,1180,6.2289409470395185e-06,0.05226247012615204,0.0052108424715697765,0.14893615245819092,1.0541499853134155
norm_1_loss_l2_ema_scheduled,17,1200,7.191289478214458e-05,0.05202968046069145,0.004685072228312492,0.14802688360214233,1.0534366369247437
norm_1_loss_l2_ema_scheduled,17,1220,1.1489498319861013e-05,0.05223659798502922,0.005292056128382683,0.1487628072500229,1.0531978607177734
norm_1_loss_l2_ema_scheduled,17,1240,6.176333954499569e-06,0.05244927480816841,0.006027276627719402,0.14958485960960388,1.052982211112976
norm_1_loss_l2_ema_scheduled,17,1260,5.631974545394769e-06,0.05247938632965088,0.006011259276419878,0.14966584742069244,1.0520511865615845
norm_1_loss_l2_ema_scheduled,17,1280,5.549785782932304e-06,0.052618492394685745,0.006001653149724007,0.1500416398048401,1.0510854721069336
norm_1_loss_l2_ema_scheduled,17,1300,5.4016504691389855e-06,0.05275994911789894,0.006050480995327234,0.15044459700584412,1.0501768589019775
norm_1_loss_l2_ema_scheduled,17,1320,5.292749392538099e-06,0.052858203649520874,0.006065406836569309,0.1507229059934616,1.049315094947815
norm_1_loss_l2_ema_scheduled,17,1340,5.195105131861055e-06,0.052945565432310104,0.006071888376027346,0.15097112953662872,1.0484850406646729
norm_1_loss_l2_ema_scheduled,17,1360,5.106425760459388e-06,0.05302029848098755,0.006069153547286987,0.15118494629859924,1.047693133354187
norm_1_loss_l2_ema_scheduled,17,1380,4.00963872380089e-05,0.0531548447906971,0.006231238134205341,0.15160658955574036,1.0467290878295898
norm_1_loss_l2_ema_scheduled,17,1400,4.72961000923533e-05,0.05256490036845207,0.0053330399096012115,0.14961381256580353,1.0470526218414307
norm_1_loss_l2_ema_scheduled,17,1420,5.1073357099085115e-06,0.05277523770928383,0.006762245204299688,0.15058797597885132,1.0475014448165894
norm_1_loss_l2_ema_scheduled,17,1440,5.4818569878989365e-06,0.052655234932899475,0.006925646215677261,0.1503470540046692,1.0471372604370117
norm_1_loss_l2_ema_scheduled,27,20,0.17490503191947937,0.029991665855050087,0.002012337790802121,0.06168584153056145,1.0347731113433838
norm_1_loss_l2_ema_scheduled,27,40,0.011356057599186897,0.023657886311411858,0.0030028908513486385,0.04288335144519806,1.0446996688842773
norm_1_loss_l2_ema_scheduled,27,60,0.002762896241620183,0.02021382562816143,0.0031008690129965544,0.03855826333165169,1.0494178533554077
norm_1_loss_l2_ema_scheduled,27,80,0.0013533718883991241,0.019219139590859413,0.00349620683118701,0.03782428428530693,1.0513725280761719
norm_1_loss_l2_ema_scheduled,27,100,0.001046665944159031,0.01796017773449421,0.00370252993889153,0.036915894597768784,1.0542479753494263
norm_1_loss_l2_ema_scheduled,27,120,0.000880523060914129,0.01684909127652645,0.004111849702894688,0.03607175126671791,1.057309627532959
norm_1_loss_l2_ema_scheduled,27,140,0.000756931200157851,0.01576300710439682,0.004544524941593409,0.03508172929286957,1.0610114336013794
norm_1_loss_l2_ema_scheduled,27,160,0.000647367094643414,0.014686292968690395,0.005007763393223286,0.0340895801782608,1.0657069683074951
norm_1_loss_l2_ema_scheduled,27,180,0.000553468766156584,0.013614547438919544,0.0053708795458078384,0.03312439098954201,1.0719555616378784
norm_1_loss_l2_ema_scheduled,27,200,0.0004706273030024022,0.01253964751958847,0.00387035240419209,0.03222700208425522,1.080930233001709
norm_1_loss_l2_ema_scheduled,27,220,0.0003970331745222211,0.011448158882558346,0.002282514236867428,0.03140101581811905,1.0951321125030518
norm_1_loss_l2_ema_scheduled,27,240,0.0003315150097478181,0.01034057792276144,0.0007779911975376308,0.030641857534646988,1.119046688079834
norm_1_loss_l2_ema_scheduled,27,260,0.00027369652525521815,0.009326600469648838,0.0008854423649609089,0.02993287704885006,1.1577016115188599
norm_1_loss_l2_ema_scheduled,27,280,0.00022424386406783015,0.008615977130830288,0.0010248473845422268,0.029259299859404564,1.2114275693893433
norm_1_loss_l2_ema_scheduled,27,300,0.00018472797819413245,0.008784935809671879,0.0007895832532085478,0.028643740341067314,1.269650936126709
norm_1_loss_l2_ema_scheduled,27,320,0.00015646412794012576,0.009484905749559402,0.0022077998146414757,0.02817719429731369,1.313964605331421
norm_1_loss_l2_ema_scheduled,27,340,0.00013850479444954544,0.010298773646354675,0.002484557218849659,0.027994589880108833,1.3334062099456787
norm_1_loss_l2_ema_scheduled,27,360,0.0001272576628252864,0.011075918562710285,0.0022155609913170338,0.028159528970718384,1.3322670459747314
norm_1_loss_l2_ema_scheduled,27,380,0.00011914569768123329,0.011734195053577423,0.002257084706798196,0.028570393100380898,1.320814847946167
norm_1_loss_l2_ema_scheduled,27,400,0.00011252476542722434,0.012284592725336552,0.002472084714099765,0.029036499559879303,1.306586503982544
norm_1_loss_l2_ema_scheduled,27,420,0.00010693680087570101,0.012760315090417862,0.002748674713075161,0.029419463127851486,1.2930444478988647
norm_1_loss_l2_ema_scheduled,27,440,0.0001021990756271407,0.013183827511966228,0.00303515768609941,0.02967144176363945,1.2810555696487427
norm_1_loss_l2_ema_scheduled,27,460,9.81795892585069e-05,0.013567611575126648,0.0033180785831063986,0.02979821339249611,1.27043879032135
norm_1_loss_l2_ema_scheduled,27,480,9.477673302171752e-05,0.013920883648097515,0.0035972511395812035,0.02982259914278984,1.2607746124267578
norm_1_loss_l2_ema_scheduled,27,500,9.191045683110133e-05,0.014252670109272003,0.0038746127393096685,0.029767675325274467,1.251688003540039
norm_1_loss_l2_ema_scheduled,27,520,8.951455674832687e-05,0.0145720848813653,0.004151492845267057,0.029652660712599754,1.2429256439208984
norm_1_loss_l2_ema_scheduled,27,540,8.753040310693905e-05,0.014887925237417221,0.004428803455084562,0.029492847621440887,1.2342647314071655
norm_1_loss_l2_ema_scheduled,27,560,8.590256766183302e-05,0.015208318829536438,0.004707399755716324,0.029300948604941368,1.2255489826202393
norm_1_loss_l2_ema_scheduled,27,580,8.457712101517245e-05,0.015540550462901592,0.004988185130059719,0.029087718576192856,1.2166324853897095
norm_1_loss_l2_ema_scheduled,27,600,8.349731797352433e-05,0.015890808776021004,0.005272586829960346,0.03067833185195923,1.2072741985321045
norm_1_loss_l2_ema_scheduled,27,620,8.260038157459348e-05,0.016263233497738838,0.004968658555299044,0.032697055488824844,1.197118878364563
norm_1_loss_l2_ema_scheduled,27,640,8.181661542039365e-05,0.0166605357080698,0.004408231470733881,0.0347522497177124,1.1856802701950073
norm_1_loss_l2_ema_scheduled,27,660,8.106930908979848e-05,0.01709119975566864,0.003768293187022209,0.036881785839796066,1.1728606224060059
norm_1_loss_l2_ema_scheduled,27,680,8.028141019167379e-05,0.017561936751008034,0.0030401593539863825,0.03909539058804512,1.1583377122879028
norm_1_loss_l2_ema_scheduled,27,700,7.938240742078051e-05,0.01808243803679943,0.002213046420365572,0.04140513017773628,1.1422511339187622
norm_1_loss_l2_ema_scheduled,27,720,7.845156505936757e-05,0.018675092607736588,0.0012838776456192136,0.04385000094771385,1.1284985542297363
norm_1_loss_l2_ema_scheduled,27,740,7.723680027993396e-05,0.01931624673306942,0.0002925032749772072,0.04620358347892761,1.1163158416748047
norm_1_loss_l2_ema_scheduled,27,760,7.559228106401861e-05,0.020136207342147827,0.00032646729960106313,0.048643823713064194,1.1051026582717896
norm_1_loss_l2_ema_scheduled,27,780,7.325001206481829e-05,0.021128663793206215,0.001015418441966176,0.05287298932671547,1.0942894220352173
norm_1_loss_l2_ema_scheduled,27,800,7.017959433142096e-05,0.022253872826695442,0.0019932626746594906,0.05816633254289627,1.0849217176437378
norm_1_loss_l2_ema_scheduled,27,820,6.534156273119152e-05,0.02345542050898075,0.0029889559373259544,0.06437093764543533,1.0764325857162476
norm_1_loss_l2_ema_scheduled,27,840,6.030236181686632e-05,0.02473650872707367,0.003960362169891596,0.07149417698383331,1.068770408630371
norm_1_loss_l2_ema_scheduled,27,860,5.304319711285643e-05,0.026068007573485374,0.004875752609223127,0.07927374541759491,1.0623160600662231
norm_1_loss_l2_ema_scheduled,27,880,4.671623173635453e-05,0.027338296175003052,0.0057075126096606255,0.08711552619934082,1.056776762008667
norm_1_loss_l2_ema_scheduled,27,900,4.126071144128218e-05,0.02851051837205887,0.006438379175961018,0.09460970759391785,1.0525364875793457
norm_1_loss_l2_ema_scheduled,27,920,3.5841130738845095e-05,0.029588716104626656,0.0070392172783613205,0.10152783989906311,1.049013376235962
norm_1_loss_l2_ema_scheduled,27,940,3.411178113310598e-05,0.030490798875689507,0.007278623525053263,0.10731189697980881,1.0464897155761719
norm_1_loss_l2_ema_scheduled,27,960,2.7644524379866198e-05,0.03136080130934715,0.007208963856101036,0.11268111318349838,1.044521689414978
norm_1_loss_l2_ema_scheduled,27,980,2.3287666408577934e-05,0.032132893800735474,0.00716059235855937,0.11752764135599136,1.0428948402404785
norm_1_loss_l2_ema_scheduled,27,1000,2.7846293960465118e-05,0.03282254934310913,0.007163571193814278,0.12185651808977127,1.0414258241653442
norm_1_loss_l2_ema_scheduled,27,1020,1.6854082787176594e-05,0.03339657559990883,0.007173433434218168,0.12533004581928253,1.0407558679580688
norm_1_loss_l2_ema_scheduled,27,1040,1.4302036106528249e-05,0.03397473692893982,0.007263071369379759,0.12886536121368408,1.0399537086486816
norm_1_loss_l2_ema_scheduled,27,1060,1.430687461834168e-05,0.03444952145218849,0.007313756737858057,0.13190549612045288,1.0392663478851318
norm_1_loss_l2_ema_scheduled,27,1080,1.0060406566481106e-05,0.034858450293540955,0.007393558509647846,0.134429931640625,1.0387704372406006
norm_1_loss_l2_ema_scheduled,27,1100,8.801519470580388e-06,0.035281952470541,0.007527472916990519,0.13699428737163544,1.0384682416915894
norm_1_loss_l2_ema_scheduled,27,1120,7.166663635871373e-06,0.03563816100358963,0.00763053260743618,0.13927318155765533,1.0379377603530884
norm_1_loss_l2_ema_scheduled,27,1140,6.17127125224215e-06,0.035944290459156036,0.007716115564107895,0.1412847340106964,1.037498116493225
norm_1_loss_l2_ema_scheduled,27,1160,1.812624032027088e-05,0.03618176653981209,0.007800869178026915,0.14281514286994934,1.0370986461639404
norm_1_loss_l2_ema_scheduled,27,1180,4.481234554987168e-06,0.0364532470703125,0.007931330241262913,0.14434780180454254,1.0374189615249634
norm_1_loss_l2_ema_scheduled,27,1200,3.919671144103631e-06,0.036689694970846176,0.008033781312406063,0.14579178392887115,1.037261962890625
norm_1_loss_l2_ema_scheduled,27,1220,3.392568487470271e-06,0.03687335178256035,0.00809982419013977,0.14699427783489227,1.0368318557739258
norm_1_loss_l2_ema_scheduled,27,1240,3.0146256904117763e-06,0.03705604001879692,0.008143183775246143,0.1481541395187378,1.0364842414855957
norm_1_loss_l2_ema_scheduled,27,1260,2.7114958811580436e-06,0.03721914812922478,0.008150666020810604,0.14918752014636993,1.0361636877059937
norm_1_loss_l2_ema_scheduled,27,1280,2.471439302098588e-06,0.03736335411667824,0.008164559490978718,0.15010130405426025,1.0358648300170898
norm_1_loss_l2_ema_scheduled,27,1300,3.600680793169886e-05,0.03742915764451027,0.008191227912902832,0.15055981278419495,1.0360091924667358
norm_1_loss_l2_ema_scheduled,27,1320,7.245764209073968e-06,0.03755135461688042,0.008250107057392597,0.15117377042770386,1.0358662605285645
norm_1_loss_l2_ema_scheduled,27,1340,2.0074644453416113e-06,0.03771844133734703,0.008317115716636181,0.15203352272510529,1.0361123085021973
norm_1_loss_l2_ema_scheduled,27,1360,1.9370429527043598e-06,0.037762466818094254,0.008331382647156715,0.15237054228782654,1.0358314514160156
norm_1_loss_l2_ema_scheduled,27,1380,1.790452756722516e-06,0.03782430663704872,0.008346455171704292,0.15278029441833496,1.0354914665222168
norm_1_loss_l2_ema_scheduled,27,1400,1.7132033462985419e-06,0.0378788523375988,0.008365840651094913,0.15313294529914856,1.0352121591567993
norm_1_loss_l2_ema_scheduled,27,1420,1.6512694855919108e-06,0.037915486842393875,0.008386158384382725,0.15338677167892456,1.0349431037902832
norm_1_loss_l2_ema_scheduled,27,1440,1.600594941919553e-06,0.03793958202004433,0.00840783305466175,0.15356911718845367,1.0347009897232056
norm_1_loss_l1_ema_fixed,7,20,0.30065298080444336,0.017458627000451088,0.000918288656976074,0.04310557246208191,1.0681287050247192
norm_1_loss_l1_ema_fixed,7,40,0.06567727029323578,0.013310900889337063,0.002208911580964923,0.03788561746478081,1.0879713296890259
norm_1_loss_l1_ema_fixed,7,60,0.02177187241613865,0.011536112986505032,0.0007124168332666159,0.03385914862155914,1.106095314025879
norm_1_loss_l1_ema_fixed,7,80,0.015229451470077038,0.009805298410356045,0.0013209889875724912,0.02808491885662079,1.137430191040039
norm_1_loss_l1_ema_fixed,7,100,0.017517052590847015,0.008104183711111546,0.0006468742503784597,0.022638563066720963,1.1932899951934814
norm_1_loss_l1_ema_fixed,7,120,0.016815273091197014,0.007060106843709946,0.0002362990053370595,0.019040854647755623,1.2551671266555786
norm_1_loss_l1_ema_fixed,7,140,0.011599988676607609,0.006578158587217331,4.917669139103964e-05,0.01689944788813591,1.3066751956939697
norm_1_loss_l1_ema_fixed,7,160,0.010524111799895763,0.006208380684256554,0.00023270308156497777,0.015191009268164635,1.3601641654968262
norm_1_loss_l1_ema_fixed,7,180,0.008997110649943352,0.006087911780923605,0.0002851233584806323,0.014148523099720478,1.3931481838226318
norm_1_loss_l1_ema_fixed,7,200,0.016602076590061188,0.00605393573641777,0.0002896540972869843,0.014940405264496803,1.4167908430099487
norm_1_loss_l1_ema_fixed,7,220,0.012968968600034714,0.006122587714344263,0.00013747475168202072,0.01630943827331066,1.4151082038879395
norm_1_loss_l1_ema_fixed,7,240,0.01350386068224907,0.006275391671806574,0.0003458083374425769,0.017834555357694626,1.4136282205581665
norm_1_loss_l1_ema_fixed,7,260,0.01572592742741108,0.006543447729200125,0.0005963411531411111,0.020032422617077827,1.4039682149887085
norm_1_loss_l1_ema_fixed,7,280,0.011204618960618973,0.00676749087870121,0.0005322170327417552,0.02226082980632782,1.3977118730545044
norm_1_loss_l1_ema_fixed,7,300,0.007017835509032011,0.007185665890574455,0.0005060890689492226,0.02514435350894928,1.3823307752609253
norm_1_loss_l1_ema_fixed,7,320,0.006869793403893709,0.007995336316525936,0.0005880195531062782,0.029359901323914528,1.3432940244674683
norm_1_loss_l1_ema_fixed,7,340,0.0075586591847240925,0.008835134096443653,0.0006995159201323986,0.03342714160680771,1.308642029762268
norm_1_loss_l1_ema_fixed,7,360,0.007167685776948929,0.009967323392629623,0.000720489420928061,0.03870425745844841,1.2700856924057007
norm_1_loss_l1_ema_fixed,7,380,0.006163444370031357,0.011631372384727001,0.0006986744701862335,0.04632522910833359,1.2297704219818115
norm_1_loss_l1_ema_fixed,7,400,0.011452848091721535,0.013481434434652328,0.0005187927163206041,0.05447317659854889,1.1985334157943726
norm_1_loss_l1_ema_fixed,7,420,0.007865551859140396,0.016692982986569405,0.0013934709131717682,0.06709282100200653,1.1631962060928345
norm_1_loss_l1_ema_fixed,7,440,0.008005019277334213,0.020028475672006607,0.002274352591484785,0.08074091374874115,1.1424046754837036
norm_1_loss_l1_ema_fixed,7,460,0.008773972280323505,0.024982521310448647,0.0021528895013034344,0.1006908044219017,1.1175901889801025
norm_1_loss_l1_ema_fixed,7,480,0.00811257679015398,0.031759072095155716,0.0025778021663427353,0.12841305136680603,1.0970218181610107
norm_1_loss_l1_ema_fixed,7,500,0.017199398949742317,0.02991444803774357,0.0009218624327331781,0.12186268717050552,1.1000771522521973
norm_1_loss_l1_ema_fixed,7,520,0.012333952821791172,0.038667257875204086,0.00059517688350752,0.1572829782962799,1.086836814880371
norm_1_loss_l1_ema_fixed,7,540,0.008634667843580246,0.04518558084964752,0.0007325810147449374,0.18669360876083374,1.0816689729690552
norm_1_loss_l1_ema_fixed,7,560,0.010002338327467442,0.04473147913813591,0.004642447456717491,0.18499983847141266,1.0842316150665283
norm_1_loss_l1_ema_fixed,7,580,0.007908511906862259,0.05917001888155937,0.004367596935480833,0.24722221493721008,1.0716296434402466
norm_1_loss_l1_ema_fixed,7,600,0.009194041602313519,0.0660313293337822,0.0036649112589657307,0.2773075997829437,1.071236252784729
norm_1_loss_l1_ema_fixed,7,620,0.012666912749409676,0.07198985666036606,0.005035235080868006,0.3030337989330292,1.0729337930679321
norm_1_loss_l1_ema_fixed,7,640,0.013509105890989304,0.07223276048898697,0.004765019752085209,0.30433064699172974,1.0751869678497314
norm_1_loss_l1_ema_fixed,7,660,0.010252054780721664,0.090894915163517,0.0024166498333215714,0.3823656439781189,1.0804917812347412
norm_1_loss_l1_ema_fixed,7,680,0.01500124204903841,0.09872075170278549,0.0019904382061213255,0.4165000915527344,1.0771219730377197
norm_1_loss_l1_ema_fixed,7,700,0.012922101654112339,0.10546493530273438,0.005778269376605749,0.4440465271472931,1.084164023399353
norm_1_loss_l1_ema_fixed,7,720,0.00967343244701624,0.11575064808130264,0.005798161495476961,0.48343196511268616,1.0815011262893677
norm_1_loss_l1_ema_fixed,7,740,0.005972134880721569,0.1159314438700676,0.004742493852972984,0.48196882009506226,1.0749965906143188
norm_1_loss_l1_ema_fixed,7,760,0.012325508520007133,0.12631654739379883,0.0032356842420995235,0.5229812264442444,1.0861459970474243
norm_1_loss_l1_ema_fixed,7,780,0.024121779948472977,0.12766271829605103,0.0037821149453520775,0.527290403842926,1.091896653175354
norm_1_loss_l1_ema_fixed,7,800,0.02066490426659584,0.13562487065792084,0.0027309744618833065,0.5617337822914124,1.091659665107727
norm_1_loss_l1_ema_fixed,7,820,0.012626628391444683,0.1336544156074524,0.0025412968825548887,0.5496320724487305,1.0789226293563843
norm_1_loss_l1_ema_fixed,7,840,0.008057540282607079,0.14170429110527039,0.0011642242316156626,0.5800741910934448,1.08335542678833
norm_1_loss_l1_ema_fixed,7,860,0.007050001062452793,0.1451456993818283,0.0016352800885215402,0.5912522673606873,1.0821830034255981
norm_1_loss_l1_ema_fixed,7,880,0.009054360911250114,0.14460872113704681,0.0012798692332580686,0.5876293778419495,1.0767685174942017
norm_1_loss_l1_ema_fixed,7,900,0.02012653462588787,0.14332513511180878,0.002000128384679556,0.5793479084968567,1.075880527496338
norm_1_loss_l1_ema_fixed,7,920,0.02635606750845909,0.14522869884967804,0.00173001189250499,0.5882694125175476,1.07700777053833
norm_1_loss_l1_ema_fixed,7,940,0.01895061321556568,0.1540573686361313,0.0016826376086100936,0.6249738931655884,1.097150444984436
norm_1_loss_l1_ema_fixed,7,960,0.016537541523575783,0.15712261199951172,0.004008108749985695,0.63518887758255,1.1078402996063232
norm_1_loss_l1_ema_fixed,7,980,0.01826329156756401,0.15974782407283783,0.005667535122483969,0.6457434892654419,1.1091505289077759
norm_1_loss_l1_ema_fixed,7,1000,0.019914666190743446,0.1677660346031189,0.003826854284852743,0.6776120066642761,1.1146777868270874
norm_1_loss_l1_ema_fixed,7,1020,0.015096776187419891,0.16504421830177307,0.0068919421173632145,0.6653395295143127,1.1174821853637695
norm_1_loss_l1_ema_fixed,7,1040,0.016024496406316757,0.17181701958179474,0.007900980301201344,0.6917591094970703,1.1227385997772217
norm_1_loss_l1_ema_fixed,7,1060,0.015648838132619858,0.16890938580036163,0.005699486471712589,0.6795026063919067,1.1038182973861694
norm_1_loss_l1_ema_fixed,7,1080,0.0077684358693659306,0.16791607439517975,0.00547545962035656,0.6743853092193604,1.1076507568359375
norm_1_loss_l1_ema_fixed,7,1100,0.008920862339437008,0.17290925979614258,0.004879728890955448,0.6917629837989807,1.1122245788574219
norm_1_loss_l1_ema_fixed,7,1120,0.016730260103940964,0.16965924203395844,0.005001361947506666,0.6776598691940308,1.1025338172912598
norm_1_loss_l1_ema_fixed,7,1140,0.016129855066537857,0.17005491256713867,0.007594515569508076,0.6808777451515198,1.1052765846252441
norm_1_loss_l1_ema_fixed,7,1160,0.014015333727002144,0.1674250364303589,0.010317781940102577,0.6701062917709351,1.1042842864990234
norm_1_loss_l1_ema_fixed,7,1180,0.010710007511079311,0.1730722337961197,0.009367032907903194,0.6929739117622375,1.118049144744873
norm_1_loss_l1_ema_fixed,7,1200,0.012306305579841137,0.17555104196071625,0.009583604522049427,0.7011680603027344,1.1189584732055664
norm_1_loss_l1_ema_fixed,7,1220,0.011858180165290833,0.1782616376876831,0.011415076442062855,0.7106937170028687,1.1245241165161133
norm_1_loss_l1_ema_fixed,7,1240,0.016277864575386047,0.17792828381061554,0.011215140111744404,0.7083061933517456,1.1247787475585938
norm_1_loss_l1_ema_fixed,7,1260,0.013707435689866543,0.17617011070251465,0.011622073128819466,0.7020459771156311,1.1128921508789062
norm_1_loss_l1_ema_fixed,7,1280,0.010105716064572334,0.17705851793289185,0.010735982097685337,0.7033408880233765,1.115896463394165
norm_1_loss_l1_ema_fixed,7,1300,0.008623522706329823,0.17800705134868622,0.010714231990277767,0.7064632177352905,1.1137408018112183
norm_1_loss_l1_ema_fixed,7,1320,0.010382718406617641,0.1779988408088684,0.01065396424382925,0.7068068385124207,1.1124236583709717
norm_1_loss_l1_ema_fixed,7,1340,0.011548732407391071,0.1784898042678833,0.012286943383514881,0.7064601182937622,1.1138331890106201
norm_1_loss_l1_ema_fixed,7,1360,0.015401158481836319,0.17800520360469818,0.012486409395933151,0.7043020725250244,1.1114153861999512
norm_1_loss_l1_ema_fixed,7,1380,0.017464283853769302,0.17980945110321045,0.016501858830451965,0.710162341594696,1.1160963773727417
norm_1_loss_l1_ema_fixed,7,1400,0.01152272243052721,0.1800704002380371,0.01664578728377819,0.7133313417434692,1.1144614219665527
norm_1_loss_l1_ema_fixed,7,1420,0.010396234691143036,0.18360979855060577,0.017990093678236008,0.7259662747383118,1.1177407503128052
norm_1_loss_l1_ema_fixed,7,1440,0.007210443262010813,0.18377786874771118,0.016539523378014565,0.7260550856590271,1.12014639377594
norm_1_loss_l1_ema_fixed,17,20,0.3834325969219208,0.03157089278101921,0.003731184871867299,0.0783047005534172,1.0488967895507812
norm_1_loss_l1_ema_fixed,17,40,0.05623449757695198,0.022881055250763893,0.0003509345988277346,0.06984686106443405,1.0600898265838623
norm_1_loss_l1_ema_fixed,17,60,0.01947241649031639,0.01303797960281372,0.00040340670966543257,0.04279430955648422,1.1136693954467773
norm_1_loss_l1_ema_fixed,17,80,0.016410818323493004,0.008839051239192486,0.0009196303435601294,0.027042455971240997,1.2480320930480957
norm_1_loss_l1_ema_fixed,17,100,0.008526399731636047,0.008450004272162914,0.0012661205837503076,0.022473284974694252,1.34084951877594
norm_1_loss_l1_ema_fixed,17,120,0.013763181865215302,0.0085768336430192,0.001571300090290606,0.02028120681643486,1.3889598846435547
norm_1_loss_l1_ema_fixed,17,140,0.018773682415485382,0.008543320931494236,0.0017354812007397413,0.018496189266443253,1.42473566532135
norm_1_loss_l1_ema_fixed,17,160,0.009044883772730827,0.008510702289640903,0.0017924614949151874,0.017398959025740623,1.4428874254226685
norm_1_loss_l1_ema_fixed,17,180,0.008361609652638435,0.008741971105337143,0.002115605864673853,0.016785478219389915,1.4344319105148315
norm_1_loss_l1_ema_fixed,17,200,0.00819628406316042,0.009086829610168934,0.0025575505569577217,0.016215961426496506,1.41372811794281
norm_1_loss_l1_ema_fixed,17,220,0.008808949030935764,0.009441926144063473,0.0027798551600426435,0.018395952880382538,1.398690104484558
norm_1_loss_l1_ema_fixed,17,240,0.008498569950461388,0.009994142688810825,0.0028070344123989344,0.021113796159625053,1.3818331956863403
norm_1_loss_l1_ema_fixed,17,260,0.008215178735554218,0.010892626829445362,0.0024364336859434843,0.024852659553289413,1.3557084798812866
norm_1_loss_l1_ema_fixed,17,280,0.009216075763106346,0.011844628490507603,0.0014838066417723894,0.02867715433239937,1.323604702949524
norm_1_loss_l1_ema_fixed,17,300,0.007170205470174551,0.012599878013134003,0.0009516311110928655,0.03246225416660309,1.2970547676086426
norm_1_loss_l1_ema_fixed,17,320,0.010179112665355206,0.013604719191789627,0.0010184894781559706,0.03675524517893791,1.2691316604614258
norm_1_loss_l1_ema_fixed,17,340,0.009770266711711884,0.014730446971952915,0.0011859341757372022,0.0412251353263855,1.2448508739471436
norm_1_loss_l1_ema_fixed,17,360,0.010619759559631348,0.015973294153809547,0.001891204621642828,0.046060167253017426,1.2195066213607788
norm_1_loss_l1_ema_fixed,17,380,0.012040752917528152,0.017581500113010406,0.00231474288739264,0.051142483949661255,1.1978297233581543
norm_1_loss_l1_ema_fixed,17,400,0.008510802872478962,0.019355352967977524,0.002134782960638404,0.0573609322309494,1.1782491207122803
norm_1_loss_l1_ema_fixed,17,420,0.007268887013196945,0.02121162973344326,0.0020350029226392508,0.06591193377971649,1.1603485345840454
norm_1_loss_l1_ema_fixed,17,440,0.008321619592607021,0.023989787325263023,0.0024731578305363655,0.07819394767284393,1.1391515731811523
norm_1_loss_l1_ema_fixed,17,460,0.008108084090054035,0.027210719883441925,0.0038559625390917063,0.09036470949649811,1.1201057434082031
norm_1_loss_l1_ema_fixed,17,480,0.00919248629361391,0.030536310747265816,0.006034880876541138,0.10250295698642731,1.1078904867172241
norm_1_loss_l1_ema_fixed,17,500,0.007897927425801754,0.03719409182667732,0.0053667169995605946,0.1260172426700592,1.0930476188659668
norm_1_loss_l1_ema_fixed,17,520,0.009805007837712765,0.04127762094140053,0.0035311365500092506,0.14059534668922424,1.0887842178344727
norm_1_loss_l1_ema_fixed,17,540,0.016663653776049614,0.04466894641518593,0.002515102969482541,0.15120121836662292,1.0852676630020142
norm_1_loss_l1_ema_fixed,17,560,0.01050097681581974,0.05069328844547272,0.0011404185788705945,0.17394600808620453,1.0812808275222778
norm_1_loss_l1_ema_fixed,17,580,0.008656824007630348,0.05473215505480766,0.0012454323004931211,0.188418447971344,1.0800609588623047
norm_1_loss_l1_ema_fixed,17,600,0.00889251846820116,0.05888368561863899,0.001694386126473546,0.20278041064739227,1.0806926488876343
norm_1_loss_l1_ema_fixed,17,620,0.01351928524672985,0.06358150392770767,0.0013400627067312598,0.21895162761211395,1.078462839126587
norm_1_loss_l1_ema_fixed,17,640,0.010353976860642433,0.07004085183143616,0.0021515951957553625,0.24163252115249634,1.089968204498291
norm_1_loss_l1_ema_fixed,17,660,0.00970697496086359,0.07350856810808182,0.0017317387973889709,0.2533707320690155,1.0866622924804688
norm_1_loss_l1_ema_fixed,17,680,0.008816570974886417,0.07853135466575623,0.0016242569545283914,0.27061355113983154,1.0886814594268799
norm_1_loss_l1_ema_fixed,17,700,0.012506352737545967,0.08099817484617233,0.0012635606108233333,0.2790102958679199,1.081107497215271
norm_1_loss_l1_ema_fixed,17,720,0.015047837048768997,0.08172281831502914,0.0021356355864554644,0.28290602564811707,1.0822917222976685
norm_1_loss_l1_ema_fixed,17,740,0.011425617150962353,0.08388519287109375,0.0010417031589895487,0.28972867131233215,1.079634666442871
norm_1_loss_l1_ema_fixed,17,760,0.012773634865880013,0.0924287661910057,0.0007825372158549726,0.31894978880882263,1.0879080295562744
norm_1_loss_l1_ema_fixed,17,780,0.007069484796375036,0.09542860835790634,0.000584451190661639,0.32905641198158264,1.0964044332504272
norm_1_loss_l1_ema_fixed,17,800,0.012254159897565842,0.09815936535596848,0.001184016582556069,0.33917391300201416,1.0888473987579346
norm_1_loss_l1_ema_fixed,17,820,0.011566294357180595,0.10083633661270142,0.0006651170551776886,0.3480260968208313,1.0865100622177124
norm_1_loss_l1_ema_fixed,17,840,0.013811754062771797,0.10156482458114624,0.003237888216972351,0.34918221831321716,1.0861448049545288
norm_1_loss_l1_ema_fixed,17,860,0.018416572362184525,0.10188610106706619,0.001496272860094905,0.35217297077178955,1.0838556289672852
norm_1_loss_l1_ema_fixed,17,880,0.01567012444138527,0.10665232688188553,0.0026786276139318943,0.36660709977149963,1.0931493043899536
norm_1_loss_l1_ema_fixed,17,900,0.012529454194009304,0.10704725235700607,0.00453648716211319,0.3678434193134308,1.0918997526168823
norm_1_loss_l1_ema_fixed,17,920,0.010523087345063686,0.107509084045887,0.0035243136808276176,0.3694247603416443,1.0933637619018555
norm_1_loss_l1_ema_fixed,17,940,0.007170230150222778,0.10761062055826187,0.0035292678512632847,0.3694206774234772,1.0879831314086914
norm_1_loss_l1_ema_fixed,17,960,0.01359422318637371,0.11016681790351868,0.004716083873063326,0.3783930540084839,1.0939652919769287
norm_1_loss_l1_ema_fixed,17,980,0.010830373503267765,0.11298161745071411,0.0061525609344244,0.38676366209983826,1.0945663452148438
norm_1_loss_l1_ema_fixed,17,1000,0.013696065172553062,0.11304224282503128,0.006066247820854187,0.3871251940727234,1.0996334552764893
norm_1_loss_l1_ema_fixed,17,1020,0.015000501647591591,0.11621054261922836,0.007170537952333689,0.39674925804138184,1.1083335876464844
norm_1_loss_l1_ema_fixed,17,1040,0.014704511500895023,0.11955034732818604,0.007394882850348949,0.4091073274612427,1.1115206480026245
norm_1_loss_l1_ema_fixed,17,1060,0.008800700306892395,0.11987125873565674,0.007686472963541746,0.4097050428390503,1.11068856716156
norm_1_loss_l1_ema_fixed,17,1080,0.009296629577875137,0.11913803219795227,0.00785558670759201,0.40775299072265625,1.1049022674560547
norm_1_loss_l1_ema_fixed,17,1100,0.007037569303065538,0.11739402264356613,0.0076084984466433525,0.4019918143749237,1.097883939743042
norm_1_loss_l1_ema_fixed,17,1120,0.011942395009100437,0.11848863214254379,0.007649233564734459,0.40309610962867737,1.0984015464782715
norm_1_loss_l1_ema_fixed,17,1140,0.010697160847485065,0.11803605407476425,0.00871549267321825,0.4022523760795593,1.1028269529342651
norm_1_loss_l1_ema_fixed,17,1160,0.014029702171683311,0.12341979891061783,0.01136802788823843,0.41804826259613037,1.1122760772705078
norm_1_loss_l1_ema_fixed,17,1180,0.007915057241916656,0.12220492213964462,0.009993479587137699,0.4146438241004944,1.1111959218978882
norm_1_loss_l1_ema_fixed,17,1200,0.00696107791736722,0.12259682267904282,0.011374615132808685,0.41517174243927,1.1104249954223633
norm_1_loss_l1_ema_fixed,17,1220,0.01283870730549097,0.12405284494161606,0.011058236472308636,0.4218006134033203,1.1101456880569458
norm_1_loss_l1_ema_fixed,17,1240,0.017023229971528053,0.12313994020223618,0.011535941623151302,0.41876116394996643,1.1097455024719238
norm_1_loss_l1_ema_fixed,17,1260,0.00807368103414774,0.1283246874809265,0.012586393393576145,0.43318599462509155,1.1211364269256592
norm_1_loss_l1_ema_fixed,17,1280,0.007233362179249525,0.12633299827575684,0.01185101829469204,0.42701926827430725,1.1161302328109741
norm_1_loss_l1_ema_fixed,17,1300,0.0064005437307059765,0.12542442977428436,0.011816595681011677,0.4248732328414917,1.1114219427108765
norm_1_loss_l1_ema_fixed,17,1320,0.0070212590508162975,0.13175995647907257,0.013263977132737637,0.44229787588119507,1.1270803213119507
norm_1_loss_l1_ema_fixed,17,1340,0.008775463327765465,0.12721164524555206,0.011578009463846684,0.42944759130477905,1.1137274503707886
norm_1_loss_l1_ema_fixed,17,1360,0.0068694110959768295,0.12895669043064117,0.011949016712605953,0.43304944038391113,1.1179312467575073
norm_1_loss_l1_ema_fixed,17,1380,0.005586613900959492,0.13030071556568146,0.012315714731812477,0.43626847863197327,1.119420051574707
norm_1_loss_l1_ema_fixed,17,1400,0.010637856088578701,0.1302829384803772,0.0125051848590374,0.43822720646858215,1.1193528175354004
norm_1_loss_l1_ema_fixed,17,1420,0.006571766454726458,0.13109658658504486,0.013170302845537663,0.44108399748802185,1.1229479312896729
norm_1_loss_l1_ema_fixed,17,1440,0.008082961663603783,0.13599129021167755,0.014953408390283585,0.45526665449142456,1.1278140544891357
norm_1_loss_l1_ema_fixed,27,20,0.34684789180755615,0.04195616766810417,0.00083873828407377,0.08733385056257248,1.0281847715377808
norm_1_loss_l1_ema_fixed,27,40,0.05527622625231743,0.030081549659371376,0.0008371359435841441,0.06013059616088867,1.0421521663665771
norm_1_loss_l1_ema_fixed,27,60,0.022975344210863113,0.018963681533932686,0.00027362682158127427,0.04197399318218231,1.0608384609222412
norm_1_loss_l1_ema_fixed,27,80,0.014967292547225952,0.011212985031306744,0.0017486363649368286,0.029562275856733322,1.1115658283233643
norm_1_loss_l1_ema_fixed,27,100,0.01321158092468977,0.007671669125556946,0.0010199893731623888,0.02532772347331047,1.2232247591018677
norm_1_loss_l1_ema_fixed,27,120,0.009953881613910198,0.006570814177393913,0.00046138689504005015,0.024532930925488472,1.312158226966858
norm_1_loss_l1_ema_fixed,27,140,0.014170694164931774,0.0063934288918972015,0.001006293692626059,0.025482643395662308,1.3494595289230347
norm_1_loss_l1_ema_fixed,27,160,0.009365321137011051,0.006702250335365534,0.001221178681589663,0.027568534016609192,1.322446584701538
norm_1_loss_l1_ema_fixed,27,180,0.007830265909433365,0.007079961244016886,0.0011074827052652836,0.02995983138680458,1.294042706489563
norm_1_loss_l1_ema_fixed,27,200,0.013488001190125942,0.00742117315530777,0.0008650681120343506,0.032087840139865875,1.275810718536377
norm_1_loss_l1_ema_fixed,27,220,0.009489002637565136,0.007954654283821583,0.0007047323742881417,0.03485540673136711,1.2484136819839478
norm_1_loss_l1_ema_fixed,27,240,0.006729514803737402,0.00872846134006977,0.0004352029354777187,0.03887224197387695,1.2161870002746582
norm_1_loss_l1_ema_fixed,27,260,0.007765004877001047,0.009676828980445862,0.00023779999173711985,0.04346414655447006,1.1886922121047974
norm_1_loss_l1_ema_fixed,27,280,0.007158235646784306,0.010806717909872532,0.0001716871774988249,0.049329694360494614,1.1640830039978027
norm_1_loss_l1_ema_fixed,27,300,0.010182266123592854,0.012184273451566696,0.0005926105659455061,0.05597522109746933,1.141683578491211
norm_1_loss_l1_ema_fixed,27,320,0.008977120742201805,0.01358694676309824,0.000886784284375608,0.06257190555334091,1.1258193254470825
norm_1_loss_l1_ema_fixed,27,340,0.007746940478682518,0.015197549015283585,0.0013748264173045754,0.06952892988920212,1.1123929023742676
norm_1_loss_l1_ema_fixed,27,360,0.007374538574367762,0.017278289422392845,0.00187713245395571,0.07881269603967667,1.0971330404281616
norm_1_loss_l1_ema_fixed,27,380,0.01123941969126463,0.01960795372724533,0.00257583474740386,0.08880478888750076,1.0853973627090454
norm_1_loss_l1_ema_fixed,27,400,0.009152025915682316,0.021629730239510536,0.0032903174869716167,0.09638585150241852,1.0788389444351196
norm_1_loss_l1_ema_fixed,27,420,0.009308871813118458,0.024601830169558525,0.004110957961529493,0.108493372797966,1.0696533918380737
norm_1_loss_l1_ema_fixed,27,440,0.0094821248203516,0.026586437597870827,0.004321614746004343,0.11597965657711029,1.0656805038452148
norm_1_loss_l1_ema_fixed,27,460,0.010731527581810951,0.030434763059020042,0.00436670146882534,0.13175372779369354,1.05815589427948
norm_1_loss_l1_ema_fixed,27,480,0.015059455297887325,0.034149426966905594,0.005851672496646643,0.1473795771598816,1.0539695024490356
norm_1_loss_l1_ema_fixed,27,500,0.009300528094172478,0.03734920173883438,0.0053255027160048485,0.15916995704174042,1.0516586303710938
norm_1_loss_l1_ema_fixed,27,520,0.012240994721651077,0.0416228361427784,0.0053213248029351234,0.1767464280128479,1.049236536026001
norm_1_loss_l1_ema_fixed,27,540,0.0110206613317132,0.04455794394016266,0.003978240769356489,0.18909601867198944,1.045944333076477
norm_1_loss_l1_ema_fixed,27,560,0.018828261643648148,0.04745298624038696,0.004556733183562756,0.20075546205043793,1.0475573539733887
norm_1_loss_l1_ema_fixed,27,580,0.00945295486599207,0.05153989791870117,0.0038160972762852907,0.21606400609016418,1.047534465789795
norm_1_loss_l1_ema_fixed,27,600,0.01654522866010666,0.05569959059357643,0.004077954683452845,0.23334962129592896,1.0484477281570435
norm_1_loss_l1_ema_fixed,27,620,0.007521116174757481,0.06235573813319206,0.004418025724589825,0.2590477168560028,1.048173189163208
norm_1_loss_l1_ema_fixed,27,640,0.009217753075063229,0.06747499108314514,0.003721339860931039,0.2793689966201782,1.0460264682769775
norm_1_loss_l1_ema_fixed,27,660,0.008641256019473076,0.07048781961202621,0.003694746410474181,0.2913120985031128,1.0479729175567627
norm_1_loss_l1_ema_fixed,27,680,0.007925733923912048,0.07473892718553543,0.004504992160946131,0.30722492933273315,1.0506385564804077
norm_1_loss_l1_ema_fixed,27,700,0.011997384950518608,0.07554533332586288,0.003924221266061068,0.3108076751232147,1.0526516437530518
norm_1_loss_l1_ema_fixed,27,720,0.010252797976136208,0.08272779732942581,0.004001287277787924,0.3379127085208893,1.0526924133300781
norm_1_loss_l1_ema_fixed,27,740,0.015041009522974491,0.08617273718118668,0.004149252083152533,0.34969034790992737,1.056403398513794
norm_1_loss_l1_ema_fixed,27,760,0.019606033340096474,0.08921104669570923,0.004654972348362207,0.3611885905265808,1.0627882480621338
norm_1_loss_l1_ema_fixed,27,780,0.00905529223382473,0.09583830088376999,0.004021995700895786,0.3847286105155945,1.0618561506271362
norm_1_loss_l1_ema_fixed,27,800,0.007734906394034624,0.09905364364385605,0.004376573488116264,0.3971755802631378,1.0649343729019165
norm_1_loss_l1_ema_fixed,27,820,0.015382930636405945,0.10064717382192612,0.005227184388786554,0.40231433510780334,1.072614312171936
norm_1_loss_l1_ema_fixed,27,840,0.015225422568619251,0.1048474833369255,0.0059054819867014885,0.41794925928115845,1.0772895812988281
norm_1_loss_l1_ema_fixed,27,860,0.01413191668689251,0.10494282841682434,0.0051203528419137,0.4158701002597809,1.0820857286453247
norm_1_loss_l1_ema_fixed,27,880,0.009424426592886448,0.11064506322145462,0.00476795295253396,0.43504247069358826,1.0818812847137451
norm_1_loss_l1_ema_fixed,27,900,0.011290659196674824,0.11106681823730469,0.005154300481081009,0.4364252984523773,1.0846222639083862
norm_1_loss_l1_ema_fixed,27,920,0.025306910276412964,0.11343588680028915,0.004380232188850641,0.44286248087882996,1.0792567729949951
norm_1_loss_l1_ema_fixed,27,940,0.01567288488149643,0.11455678194761276,0.004249147139489651,0.4455609619617462,1.0865633487701416
norm_1_loss_l1_ema_fixed,27,960,0.013116669841110706,0.11702197790145874,0.0054780906066298485,0.45207679271698,1.0861231088638306
norm_1_loss_l1_ema_fixed,27,980,0.010691373609006405,0.12017802149057388,0.007921410724520683,0.46079593896865845,1.0876646041870117
norm_1_loss_l1_ema_fixed,27,1000,0.015034878626465797,0.12250622361898422,0.008586892858147621,0.4675557017326355,1.087654948234558
norm_1_loss_l1_ema_fixed,27,1020,0.01363065093755722,0.12437870353460312,0.009446067735552788,0.472240686416626,1.089555025100708
norm_1_loss_l1_ema_fixed,27,1040,0.013778328895568848,0.12642069160938263,0.009806523099541664,0.47669100761413574,1.0904663801193237
norm_1_loss_l1_ema_fixed,27,1060,0.011241762898862362,0.1287255436182022,0.010355401784181595,0.4837105870246887,1.0934641361236572
norm_1_loss_l1_ema_fixed,27,1080,0.006025246344506741,0.1274596005678177,0.010225641541182995,0.4770687222480774,1.0927540063858032
norm_1_loss_l1_ema_fixed,27,1100,0.012530138716101646,0.12904620170593262,0.011681978590786457,0.48118001222610474,1.0937572717666626
norm_1_loss_l1_ema_fixed,27,1120,0.006193268578499556,0.12599092721939087,0.010531103238463402,0.4667641818523407,1.0884957313537598
norm_1_loss_l1_ema_fixed,27,1140,0.006407685577869415,0.12762518227100372,0.011684106662869453,0.4699762165546417,1.0893218517303467
norm_1_loss_l1_ema_fixed,27,1160,0.006953362375497818,0.12668447196483612,0.012680253013968468,0.46541234850883484,1.087388515472412
norm_1_loss_l1_ema_fixed,27,1180,0.012147219851613045,0.12503261864185333,0.012294522486627102,0.45695170760154724,1.0879572629928589
norm_1_loss_l1_ema_fixed,27,1200,0.00878937728703022,0.12732532620429993,0.011792667210102081,0.4628739058971405,1.0860817432403564
norm_1_loss_l1_ema_fixed,27,1220,0.006232846062630415,0.1272992044687271,0.01237963605672121,0.46181100606918335,1.0883997678756714
norm_1_loss_l1_ema_fixed,27,1240,0.012857237830758095,0.12656497955322266,0.012627310119569302,0.4580950438976288,1.088399887084961
norm_1_loss_l1_ema_fixed,27,1260,0.011912226676940918,0.1269715577363968,0.012481734156608582,0.45820119976997375,1.087902545928955
norm_1_loss_l1_ema_fixed,27,1280,0.01406104862689972,0.13198107481002808,0.012405513785779476,0.47389012575149536,1.0871318578720093
norm_1_loss_l1_ema_fixed,27,1300,0.0073692770674824715,0.13143230974674225,0.011691004037857056,0.46918708086013794,1.0862623453140259
norm_1_loss_l1_ema_fixed,27,1320,0.014741667546331882,0.13257794082164764,0.013721426948904991,0.4753599762916565,1.091112732887268
norm_1_loss_l1_ema_fixed,27,1340,0.009789606556296349,0.13402071595191956,0.011971430853009224,0.47799989581108093,1.0869064331054688
norm_1_loss_l1_ema_fixed,27,1360,0.0049498495645821095,0.13522730767726898,0.011839956045150757,0.47966906428337097,1.0866349935531616
norm_1_loss_l1_ema_fixed,27,1380,0.004243838135153055,0.13720889389514923,0.011962531134486198,0.48409348726272583,1.0881167650222778
norm_1_loss_l1_ema_fixed,27,1400,0.016579434275627136,0.13546128571033478,0.011621931567788124,0.4773518741130829,1.087379813194275
norm_1_loss_l1_ema_fixed,27,1420,0.01293435599654913,0.1385488510131836,0.011364259757101536,0.4852176308631897,1.0863124132156372
norm_1_loss_l1_ema_fixed,27,1440,0.0102049196138978,0.13981802761554718,0.012039486318826675,0.4909982681274414,1.0884652137756348
norm_1_loss_l1_ema_scheduled,7,20,0.32005858421325684,0.01759069226682186,0.0018580961041152477,0.043721627444028854,1.070876955986023
norm_1_loss_l1_ema_scheduled,7,40,0.050824642181396484,0.013512912206351757,0.001099520130082965,0.03803284838795662,1.0924235582351685
norm_1_loss_l1_ema_scheduled,7,60,0.0233062282204628,0.009706041775643826,0.0006445292383432388,0.02855508029460907,1.142486810684204
norm_1_loss_l1_ema_scheduled,7,80,0.02078995294868946,0.006522427778691053,0.000523331924341619,0.01907179318368435,1.2916022539138794
norm_1_loss_l1_ema_scheduled,7,100,0.019559165462851524,0.005835444200783968,0.0008788681589066982,0.015178652480244637,1.4458948373794556
norm_1_loss_l1_ema_scheduled,7,120,0.019551636651158333,0.0063620335422456264,0.0006997821037657559,0.014092318713665009,1.4867959022521973
norm_1_loss_l1_ema_scheduled,7,140,0.016908666118979454,0.007635492365807295,0.0005503454012796283,0.01547971274703741,1.4309335947036743
norm_1_loss_l1_ema_scheduled,7,160,0.01704278215765953,0.009790726006031036,0.0006335872458294034,0.021138252690434456,1.3477293252944946
norm_1_loss_l1_ema_scheduled,7,180,0.01596084050834179,0.013388831168413162,0.000715441070497036,0.032663971185684204,1.262024998664856
norm_1_loss_l1_ema_scheduled,7,200,0.01387136522680521,0.019525354728102684,0.0016949960263445973,0.05047294497489929,1.18705415725708
norm_1_loss_l1_ema_scheduled,7,220,0.01737622544169426,0.026690775528550148,0.002509420970454812,0.06927289813756943,1.1408263444900513
norm_1_loss_l1_ema_scheduled,7,240,0.00852205790579319,0.03151960298418999,0.001089373603463173,0.08617992699146271,1.1316101551055908
norm_1_loss_l1_ema_scheduled,7,260,0.00767448591068387,0.030316771939396858,0.001224414212629199,0.08220967650413513,1.1264476776123047
norm_1_loss_l1_ema_scheduled,7,280,0.007222637068480253,0.030622363090515137,0.0013817428844049573,0.08289910107851028,1.1241991519927979
norm_1_loss_l1_ema_scheduled,7,300,0.008923468180000782,0.029452258720993996,0.000745156838092953,0.07938976585865021,1.1255345344543457
norm_1_loss_l1_ema_scheduled,7,320,0.00850147008895874,0.03124227561056614,0.000631693983450532,0.08379208296537399,1.118200421333313
norm_1_loss_l1_ema_scheduled,7,340,0.008244231343269348,0.030091667547822,0.001010612933896482,0.07992921024560928,1.1191977262496948
norm_1_loss_l1_ema_scheduled,7,360,0.01132955215871334,0.03162631765007973,0.0015240383800119162,0.08386284112930298,1.1148853302001953
norm_1_loss_l1_ema_scheduled,7,380,0.01066033449023962,0.03174534812569618,0.0010939458152279258,0.08353495597839355,1.1134809255599976
norm_1_loss_l1_ema_scheduled,7,400,0.009091963060200214,0.03199656680226326,0.0020894112531095743,0.08335129916667938,1.1107814311981201
norm_1_loss_l1_ema_scheduled,7,420,0.0078196469694376,0.03245028853416443,0.002826191484928131,0.08409734070301056,1.1092642545700073
norm_1_loss_l1_ema_scheduled,7,440,0.010695806704461575,0.0334208607673645,0.0028750982601195574,0.08626943081617355,1.1065363883972168
norm_1_loss_l1_ema_scheduled,7,460,0.007537588011473417,0.03262169286608696,0.002026899950578809,0.08380664885044098,1.1073005199432373
norm_1_loss_l1_ema_scheduled,7,480,0.008798802271485329,0.0349857471883297,0.0013144935946911573,0.08968553692102432,1.1038739681243896
norm_1_loss_l1_ema_scheduled,7,500,0.010602360591292381,0.0355827771127224,0.0014561060816049576,0.09070266783237457,1.1035295724868774
norm_1_loss_l1_ema_scheduled,7,520,0.007691698148846626,0.035561736673116684,0.0026414445601403713,0.09040941298007965,1.1012245416641235
norm_1_loss_l1_ema_scheduled,7,540,0.0060820383951067924,0.03659112751483917,0.0034853764809668064,0.09284739941358566,1.099000096321106
norm_1_loss_l1_ema_scheduled,7,560,0.00674885418266058,0.03688995540142059,0.004091720562428236,0.09329493343830109,1.0970590114593506
norm_1_loss_l1_ema_scheduled,7,580,0.007670278195291758,0.03829812631011009,0.003862423822283745,0.09664499014616013,1.095606803894043
norm_1_loss_l1_ema_scheduled,7,600,0.00788167119026184,0.03833851218223572,0.004018002189695835,0.09593310207128525,1.0959453582763672
norm_1_loss_l1_ema_scheduled,7,620,0.0068702707067132,0.03942341357469559,0.004716846626251936,0.09833232313394547,1.0930898189544678
norm_1_loss_l1_ema_scheduled,7,640,0.0061797709204256535,0.04067224636673927,0.005348264239728451,0.10108285397291183,1.0918577909469604
norm_1_loss_l1_ema_scheduled,7,660,0.01132569182664156,0.040571171790361404,0.005178396124392748,0.10040310025215149,1.0894651412963867
norm_1_loss_l1_ema_scheduled,7,680,0.008802712894976139,0.042502861469984055,0.005964299198240042,0.10540841519832611,1.0895344018936157
norm_1_loss_l1_ema_scheduled,7,700,0.010085055604577065,0.04015451669692993,0.00388341979123652,0.09838958829641342,1.0919514894485474
norm_1_loss_l1_ema_scheduled,7,720,0.006041147746145725,0.044015124440193176,0.003847655840218067,0.1079806238412857,1.0891540050506592
norm_1_loss_l1_ema_scheduled,7,740,0.004556102678179741,0.04396885633468628,0.003614758374169469,0.10713528841733932,1.0876719951629639
norm_1_loss_l1_ema_scheduled,7,760,0.006425794679671526,0.044719893485307693,0.0031469494570046663,0.10863486677408218,1.0870006084442139
norm_1_loss_l1_ema_scheduled,7,780,0.0063123260624706745,0.045044708997011185,0.00286276382394135,0.10913795232772827,1.0859614610671997
norm_1_loss_l1_ema_scheduled,7,800,0.006889199372380972,0.045690566301345825,0.0028325149323791265,0.11127015203237534,1.0843398571014404
norm_1_loss_l1_ema_scheduled,7,820,0.006513405125588179,0.04630778729915619,0.0023811720311641693,0.11327708512544632,1.083113193511963
norm_1_loss_l1_ema_scheduled,7,840,0.007377498783171177,0.046998124569654465,0.002298318548128009,0.11523804068565369,1.0819978713989258
norm_1_loss_l1_ema_scheduled,7,860,0.008544279262423515,0.04793267324566841,0.002217542380094528,0.11788025498390198,1.082679271697998
norm_1_loss_l1_ema_scheduled,7,880,0.005439646542072296,0.0480760894715786,0.002210634294897318,0.11841066926717758,1.082633376121521
norm_1_loss_l1_ema_scheduled,7,900,0.007827571593225002,0.048860568553209305,0.0021855563391000032,0.12075027823448181,1.0799649953842163
norm_1_loss_l1_ema_scheduled,7,920,0.006228040903806686,0.049503859132528305,0.002491553546860814,0.12273126095533371,1.0811314582824707
norm_1_loss_l1_ema_scheduled,7,940,0.008507718332111835,0.04878835752606392,0.0025554546155035496,0.12066460400819778,1.0812159776687622
norm_1_loss_l1_ema_scheduled,7,960,0.010786117985844612,0.04840826615691185,0.002051700372248888,0.12002779543399811,1.078427791595459
norm_1_loss_l1_ema_scheduled,7,980,0.00673256441950798,0.05180251970887184,0.002616284880787134,0.1288929283618927,1.0782499313354492
norm_1_loss_l1_ema_scheduled,7,1000,0.00506358640268445,0.05253256484866142,0.002812967635691166,0.1308988630771637,1.0784964561462402
norm_1_loss_l1_ema_scheduled,7,1020,0.00661199726164341,0.05266490951180458,0.003076122608035803,0.13144424557685852,1.0777678489685059
norm_1_loss_l1_ema_scheduled,7,1040,0.0069152601063251495,0.05270305275917053,0.0031376900151371956,0.1317756325006485,1.0795342922210693
norm_1_loss_l1_ema_scheduled,7,1060,0.005641481839120388,0.053850725293159485,0.003203504253178835,0.1349347084760666,1.0782244205474854
norm_1_loss_l1_ema_scheduled,7,1080,0.005335281137377024,0.05476983264088631,0.0038819843903183937,0.13769100606441498,1.0785775184631348
norm_1_loss_l1_ema_scheduled,7,1100,0.013218997977674007,0.05363623425364494,0.0035998758394271135,0.1346624493598938,1.076559066772461
norm_1_loss_l1_ema_scheduled,7,1120,0.00892611313611269,0.055031079798936844,0.005097410641610622,0.1378788948059082,1.0806894302368164
norm_1_loss_l1_ema_scheduled,7,1140,0.007174665108323097,0.056703317910432816,0.004767628852277994,0.14271989464759827,1.0781811475753784
norm_1_loss_l1_ema_scheduled,7,1160,0.006532035768032074,0.05839097499847412,0.004537003114819527,0.14747190475463867,1.078081488609314
norm_1_loss_l1_ema_scheduled,7,1180,0.006636618636548519,0.05751955136656761,0.004561592359095812,0.14542566239833832,1.0786774158477783
norm_1_loss_l1_ema_scheduled,7,1200,0.006035183556377888,0.05770416930317879,0.004894882440567017,0.14619317650794983,1.0787506103515625
norm_1_loss_l1_ema_scheduled,7,1220,0.0066660619340837,0.0581025592982769,0.005459247622638941,0.14723949134349823,1.0782805681228638
norm_1_loss_l1_ema_scheduled,7,1240,0.004419008269906044,0.05811105668544769,0.005524441134184599,0.14741814136505127,1.0800530910491943
norm_1_loss_l1_ema_scheduled,7,1260,0.012296008877456188,0.05748115852475166,0.005721306428313255,0.14573991298675537,1.0795546770095825
norm_1_loss_l1_ema_scheduled,7,1280,0.005012892186641693,0.05872964486479759,0.006766807287931442,0.1489238142967224,1.0798606872558594
norm_1_loss_l1_ema_scheduled,7,1300,0.0075870235450565815,0.058098625391721725,0.006246904376894236,0.14754989743232727,1.0790454149246216
norm_1_loss_l1_ema_scheduled,7,1320,0.007371231913566589,0.058949634432792664,0.006613300181925297,0.1498517543077469,1.0790939331054688
norm_1_loss_l1_ema_scheduled,7,1340,0.005408662836998701,0.05890682339668274,0.006511539686471224,0.1500825583934784,1.080379605293274
norm_1_loss_l1_ema_scheduled,7,1360,0.005114358849823475,0.05822078883647919,0.006019467022269964,0.14825095236301422,1.0819199085235596
norm_1_loss_l1_ema_scheduled,7,1380,0.00707182427868247,0.05931410193443298,0.005759202875196934,0.15146119892597198,1.080475091934204
norm_1_loss_l1_ema_scheduled,7,1400,0.005071504041552544,0.05935962125658989,0.0063389805145561695,0.1518808752298355,1.0806586742401123
norm_1_loss_l1_ema_scheduled,7,1420,0.005019195377826691,0.05955441668629646,0.0063795181922614574,0.1526544839143753,1.0799880027770996
norm_1_loss_l1_ema_scheduled,7,1440,0.008083431050181389,0.05806196853518486,0.005809267517179251,0.14870133996009827,1.0823369026184082
norm_1_loss_l1_ema_scheduled,17,20,0.39334169030189514,0.03174543008208275,0.0035476896446198225,0.07712572067975998,1.0495225191116333
norm_1_loss_l1_ema_scheduled,17,40,0.04898526147007942,0.022923065349459648,0.00324396719224751,0.06508715450763702,1.0643092393875122
norm_1_loss_l1_ema_scheduled,17,60,0.021344751119613647,0.012764998711645603,0.00035965745337307453,0.039710819721221924,1.118338942527771
norm_1_loss_l1_ema_scheduled,17,80,0.014230265282094479,0.007232798729091883,0.0005747746909037232,0.021841609850525856,1.3186396360397339
norm_1_loss_l1_ema_scheduled,17,100,0.013659324496984482,0.00633852556347847,0.0010417005978524685,0.01647626981139183,1.511018991470337
norm_1_loss_l1_ema_scheduled,17,120,0.01268724538385868,0.00717788515612483,0.0017506194999441504,0.017717881128191948,1.4634127616882324
norm_1_loss_l1_ema_scheduled,17,140,0.011974412016570568,0.00844996515661478,0.0012450497597455978,0.019892293959856033,1.3917417526245117
norm_1_loss_l1_ema_scheduled,17,160,0.011525075882673264,0.010323199443519115,0.0006775581859983504,0.02284083515405655,1.3256868124008179
norm_1_loss_l1_ema_scheduled,17,180,0.011750126257538795,0.012692366726696491,0.0002586101763881743,0.025291603058576584,1.2736245393753052
norm_1_loss_l1_ema_scheduled,17,200,0.01097156386822462,0.01571439765393734,0.0016324288444593549,0.028389235958456993,1.227787971496582
norm_1_loss_l1_ema_scheduled,17,220,0.009217740036547184,0.019085539504885674,0.0031407682690769434,0.03611988574266434,1.191495418548584
norm_1_loss_l1_ema_scheduled,17,240,0.010871202684938908,0.021570200100541115,0.0029120752587914467,0.041711922734975815,1.168853521347046
norm_1_loss_l1_ema_scheduled,17,260,0.009834462776780128,0.022972360253334045,0.002567158779129386,0.04576556384563446,1.1552976369857788
norm_1_loss_l1_ema_scheduled,17,280,0.011087628081440926,0.02349296770989895,0.0022679658140987158,0.047241464257240295,1.1496461629867554
norm_1_loss_l1_ema_scheduled,17,300,0.010447723791003227,0.024027472361922264,0.0017640559235587716,0.04920443892478943,1.1461622714996338
norm_1_loss_l1_ema_scheduled,17,320,0.007599474396556616,0.024427399039268494,0.0018190242117270827,0.05026306211948395,1.140358328819275
norm_1_loss_l1_ema_scheduled,17,340,0.0069530135951936245,0.024572230875492096,0.0017223007744178176,0.05189219117164612,1.1347213983535767
norm_1_loss_l1_ema_scheduled,17,360,0.006909072399139404,0.024702390655875206,0.0007719015702605247,0.05437212437391281,1.1289465427398682
norm_1_loss_l1_ema_scheduled,17,380,0.011279860511422157,0.02464509941637516,0.0006364558357745409,0.05450770631432533,1.1298989057540894
norm_1_loss_l1_ema_scheduled,17,400,0.007125817239284515,0.02469964325428009,0.0011842026142403483,0.055544815957546234,1.1297938823699951
norm_1_loss_l1_ema_scheduled,17,420,0.008725625462830067,0.02529340237379074,0.0017928607994690537,0.05800336226820946,1.1243736743927002
norm_1_loss_l1_ema_scheduled,17,440,0.0057114483788609505,0.025632493197917938,0.002501036738976836,0.05958293378353119,1.119418978691101
norm_1_loss_l1_ema_scheduled,17,460,0.007940605282783508,0.025974556803703308,0.0030631914269179106,0.06099919602274895,1.1153924465179443
norm_1_loss_l1_ema_scheduled,17,480,0.005970933474600315,0.026424268260598183,0.004183278419077396,0.06340417265892029,1.1112308502197266
norm_1_loss_l1_ema_scheduled,17,500,0.008406014181673527,0.026833543553948402,0.004799871239811182,0.06508010625839233,1.1071938276290894
norm_1_loss_l1_ema_scheduled,17,520,0.004928658716380596,0.027251770719885826,0.005274984519928694,0.06651266664266586,1.1041615009307861
norm_1_loss_l1_ema_scheduled,17,540,0.010802105069160461,0.028190383687615395,0.00608656695112586,0.06963703781366348,1.098657488822937
norm_1_loss_l1_ema_scheduled,17,560,0.015312012284994125,0.028868824243545532,0.00639929948374629,0.07079196721315384,1.099510669708252
norm_1_loss_l1_ema_scheduled,17,580,0.00952980387955904,0.02881586365401745,0.007410957012325525,0.07139002531766891,1.1028934717178345
norm_1_loss_l1_ema_scheduled,17,600,0.005233065690845251,0.029343336820602417,0.006774355191737413,0.07494021207094193,1.0995935201644897
norm_1_loss_l1_ema_scheduled,17,620,0.005027139559388161,0.030281981453299522,0.0070093246176838875,0.07823527604341507,1.0943646430969238
norm_1_loss_l1_ema_scheduled,17,640,0.006875892635434866,0.030709652230143547,0.007049134932458401,0.07990860193967819,1.0903050899505615
norm_1_loss_l1_ema_scheduled,17,660,0.008684803731739521,0.031741172075271606,0.0074009583331644535,0.08271245658397675,1.0869144201278687
norm_1_loss_l1_ema_scheduled,17,680,0.006346510723233223,0.03216763958334923,0.007295655086636543,0.0847570076584816,1.0840729475021362
norm_1_loss_l1_ema_scheduled,17,700,0.009916305541992188,0.032515816390514374,0.0074218944646418095,0.08553410321474075,1.0838552713394165
norm_1_loss_l1_ema_scheduled,17,720,0.007069353945553303,0.033172447234392166,0.006980702746659517,0.08805158734321594,1.080682635307312
norm_1_loss_l1_ema_scheduled,17,740,0.006544729229062796,0.03409259393811226,0.007294743321835995,0.0907994732260704,1.0790088176727295
norm_1_loss_l1_ema_scheduled,17,760,0.006119003053754568,0.03464720770716667,0.007412009872496128,0.09279869496822357,1.0776034593582153
norm_1_loss_l1_ema_scheduled,17,780,0.007212132681161165,0.03504825755953789,0.007095550652593374,0.09508932381868362,1.0759323835372925
norm_1_loss_l1_ema_scheduled,17,800,0.007747957017272711,0.03577014431357384,0.007185738533735275,0.09724137932062149,1.0755152702331543
norm_1_loss_l1_ema_scheduled,17,820,0.006428702734410763,0.03518733009696007,0.007110008038580418,0.09517814218997955,1.077541708946228
norm_1_loss_l1_ema_scheduled,17,840,0.004868801217526197,0.03699452430009842,0.007139923516660929,0.10072696208953857,1.0767145156860352
norm_1_loss_l1_ema_scheduled,17,860,0.006771910935640335,0.03771384432911873,0.006930499337613583,0.10368367284536362,1.0727941989898682
norm_1_loss_l1_ema_scheduled,17,880,0.007191356737166643,0.03768351301550865,0.007183241192251444,0.10345658659934998,1.0752742290496826
norm_1_loss_l1_ema_scheduled,17,900,0.006035692058503628,0.03866620361804962,0.0069893659092485905,0.10672301054000854,1.0736865997314453
norm_1_loss_l1_ema_scheduled,17,920,0.007062098942697048,0.03879350796341896,0.006975225638598204,0.1069207713007927,1.0734541416168213
norm_1_loss_l1_ema_scheduled,17,940,0.00563440565019846,0.039492279291152954,0.0068048760294914246,0.10962054878473282,1.07169771194458
norm_1_loss_l1_ema_scheduled,17,960,0.006153631955385208,0.03987601399421692,0.006657713558524847,0.11105015128850937,1.069838523864746
norm_1_loss_l1_ema_scheduled,17,980,0.005699690897017717,0.040314141660928726,0.006685949862003326,0.11214104294776917,1.0720453262329102
norm_1_loss_l1_ema_scheduled,17,1000,0.010209288448095322,0.041105758398771286,0.00708234217017889,0.11442892253398895,1.0728718042373657
norm_1_loss_l1_ema_scheduled,17,1020,0.006356643512845039,0.040865324437618256,0.006126783322542906,0.11452410370111465,1.0738657712936401
norm_1_loss_l1_ema_scheduled,17,1040,0.005533610004931688,0.041270218789577484,0.00629834458231926,0.1154542937874794,1.0762773752212524
norm_1_loss_l1_ema_scheduled,17,1060,0.0061216214671730995,0.04097624123096466,0.006513502914458513,0.11413878947496414,1.0790119171142578
norm_1_loss_l1_ema_scheduled,17,1080,0.006236964371055365,0.04202989861369133,0.006332908291369677,0.11763343214988708,1.0744627714157104
norm_1_loss_l1_ema_scheduled,17,1100,0.0056160492822527885,0.04213191196322441,0.006422476842999458,0.11809228360652924,1.0759391784667969
norm_1_loss_l1_ema_scheduled,17,1120,0.005163198336958885,0.04249565675854683,0.006561643909662962,0.11905641108751297,1.0749882459640503
norm_1_loss_l1_ema_scheduled,17,1140,0.00736967520788312,0.04263821244239807,0.006398509256541729,0.11952673643827438,1.0766942501068115
norm_1_loss_l1_ema_scheduled,17,1160,0.0048026712611317635,0.04285299777984619,0.006026929244399071,0.12091530859470367,1.0766760110855103
norm_1_loss_l1_ema_scheduled,17,1180,0.009659867733716965,0.042105842381715775,0.005779325030744076,0.11887874454259872,1.078918695449829
norm_1_loss_l1_ema_scheduled,17,1200,0.006523065734654665,0.044074904173612595,0.0057443780824542046,0.12470371276140213,1.0772647857666016
norm_1_loss_l1_ema_scheduled,17,1220,0.00869655515998602,0.04245661571621895,0.006046725902706385,0.11955835670232773,1.086713194847107
norm_1_loss_l1_ema_scheduled,17,1240,0.003360896836966276,0.04553292319178581,0.006123080383986235,0.12897910177707672,1.0791727304458618
norm_1_loss_l1_ema_scheduled,17,1260,0.006998628843575716,0.04453740641474724,0.005786143708974123,0.12616661190986633,1.079696774482727
norm_1_loss_l1_ema_scheduled,17,1280,0.004785004537552595,0.045273635536432266,0.006117312703281641,0.127892404794693,1.081530213356018
norm_1_loss_l1_ema_scheduled,17,1300,0.004562945570796728,0.0452018678188324,0.00631468603387475,0.1275959461927414,1.08205246925354
norm_1_loss_l1_ema_scheduled,17,1320,0.006510745268315077,0.044603049755096436,0.006124661769717932,0.12555807828903198,1.0838168859481812
norm_1_loss_l1_ema_scheduled,17,1340,0.004094970412552357,0.04569092392921448,0.005903836339712143,0.12956871092319489,1.078813076019287
norm_1_loss_l1_ema_scheduled,17,1360,0.008673794567584991,0.045081477612257004,0.006180481053888798,0.12742161750793457,1.0826069116592407
norm_1_loss_l1_ema_scheduled,17,1380,0.006388208828866482,0.04510316252708435,0.006104351952672005,0.12721040844917297,1.0855522155761719
norm_1_loss_l1_ema_scheduled,17,1400,0.004544440656900406,0.04595523700118065,0.006164868827909231,0.1296105831861496,1.0845052003860474
norm_1_loss_l1_ema_scheduled,17,1420,0.005204515531659126,0.04633955657482147,0.006003117188811302,0.13127738237380981,1.0817285776138306
norm_1_loss_l1_ema_scheduled,17,1440,0.008850626647472382,0.045415088534355164,0.0058814422227442265,0.12806417047977448,1.0872119665145874
norm_1_loss_l1_ema_scheduled,27,20,0.3374192416667938,0.04070025309920311,0.0019061784259974957,0.08033143728971481,1.0297057628631592
norm_1_loss_l1_ema_scheduled,27,40,0.05367092415690422,0.02530002035200596,0.0012945047346875072,0.04591105878353119,1.0480808019638062
norm_1_loss_l1_ema_scheduled,27,60,0.024710411205887794,0.012433757074177265,0.0005450310418382287,0.02889401465654373,1.0987566709518433
norm_1_loss_l1_ema_scheduled,27,80,0.016387810930609703,0.005881268996745348,0.000428485160227865,0.01805591769516468,1.3218969106674194
norm_1_loss_l1_ema_scheduled,27,100,0.016579343006014824,0.004680090118199587,0.0010029547847807407,0.015550564043223858,1.5198618173599243
norm_1_loss_l1_ema_scheduled,27,120,0.01565389148890972,0.004558417946100235,0.0011371888685971498,0.01554387528449297,1.5632667541503906
norm_1_loss_l1_ema_scheduled,27,140,0.013822972774505615,0.004890324082225561,0.0009423157898709178,0.01706312596797943,1.5000804662704468
norm_1_loss_l1_ema_scheduled,27,160,0.014150985516607761,0.005495012272149324,0.0004978336510248482,0.019332684576511383,1.4129260778427124
norm_1_loss_l1_ema_scheduled,27,180,0.012856842018663883,0.00657832995057106,0.0007838841993361712,0.022625353187322617,1.3233823776245117
norm_1_loss_l1_ema_scheduled,27,200,0.010301070287823677,0.00802652072161436,0.0011941579869017005,0.02835279144346714,1.2594162225723267
norm_1_loss_l1_ema_scheduled,27,220,0.011112900450825691,0.009855629876255989,0.002098004100844264,0.03553638607263565,1.2090394496917725
norm_1_loss_l1_ema_scheduled,27,240,0.014359116554260254,0.011452816426753998,0.001525161787867546,0.04157433286309242,1.1760902404785156
norm_1_loss_l1_ema_scheduled,27,260,0.00825744029134512,0.012627564370632172,0.0018053908133879304,0.045782916247844696,1.1574496030807495
norm_1_loss_l1_ema_scheduled,27,280,0.010958472266793251,0.014084771275520325,0.0017072346527129412,0.05068868771195412,1.1384309530258179
norm_1_loss_l1_ema_scheduled,27,300,0.012123599648475647,0.015007528476417065,0.001731286640278995,0.05321018025279045,1.128737211227417
norm_1_loss_l1_ema_scheduled,27,320,0.009706069715321064,0.015486144460737705,0.0018829354085028172,0.05411219969391823,1.1237391233444214
norm_1_loss_l1_ema_scheduled,27,340,0.009103190153837204,0.0159507654607296,0.0023191506043076515,0.054530881345272064,1.1177688837051392
norm_1_loss_l1_ema_scheduled,27,360,0.00804311316460371,0.016439585015177727,0.0030559261795133352,0.055205088108778,1.113168478012085
norm_1_loss_l1_ema_scheduled,27,380,0.006922130007296801,0.017158927395939827,0.0034352694638073444,0.0578736811876297,1.1042736768722534
norm_1_loss_l1_ema_scheduled,27,400,0.0090836426243186,0.017413487657904625,0.0037866916973143816,0.058483682572841644,1.1002172231674194
norm_1_loss_l1_ema_scheduled,27,420,0.007638667244464159,0.017667436972260475,0.0040967147797346115,0.05936776101589203,1.0948501825332642
norm_1_loss_l1_ema_scheduled,27,440,0.009740730747580528,0.01768808253109455,0.0041063628159463406,0.0596315935254097,1.093251347541809
norm_1_loss_l1_ema_scheduled,27,460,0.004456579685211182,0.01810985431075096,0.004021945875138044,0.060724567621946335,1.0886189937591553
norm_1_loss_l1_ema_scheduled,27,480,0.00669870525598526,0.018159523606300354,0.0037341390270739794,0.06064588949084282,1.087576150894165
norm_1_loss_l1_ema_scheduled,27,500,0.007540171500295401,0.0185927115380764,0.003898153780028224,0.06217136234045029,1.0842039585113525
norm_1_loss_l1_ema_scheduled,27,520,0.00824815034866333,0.0188406091183424,0.004020566586405039,0.063177689909935,1.0827481746673584
norm_1_loss_l1_ema_scheduled,27,540,0.007533707190304995,0.019197018817067146,0.0035728011280298233,0.06495028734207153,1.0793020725250244
norm_1_loss_l1_ema_scheduled,27,560,0.006115230266004801,0.019352393224835396,0.0036027044989168644,0.06557561457157135,1.077757477760315
norm_1_loss_l1_ema_scheduled,27,580,0.0041099549271166325,0.020365217700600624,0.0027671412099152803,0.07022245228290558,1.0725945234298706
norm_1_loss_l1_ema_scheduled,27,600,0.006685679312795401,0.02068292908370495,0.0024486298207193613,0.0717388167977333,1.0714308023452759
norm_1_loss_l1_ema_scheduled,27,620,0.006063415668904781,0.02069868892431259,0.0020891183521598577,0.07242386788129807,1.0706433057785034
norm_1_loss_l1_ema_scheduled,27,640,0.006249413825571537,0.020761830732226372,0.002126096049323678,0.07307368516921997,1.0702826976776123
norm_1_loss_l1_ema_scheduled,27,660,0.005729369353502989,0.02160148322582245,0.0014454844640567899,0.0766020268201828,1.066323161125183
norm_1_loss_l1_ema_scheduled,27,680,0.008420278318226337,0.021871663630008698,0.0015040382277220488,0.07753649353981018,1.064968228340149
norm_1_loss_l1_ema_scheduled,27,700,0.007301097735762596,0.022333716973662376,0.0013544022804126143,0.07909320294857025,1.0642054080963135
norm_1_loss_l1_ema_scheduled,27,720,0.0061213308945298195,0.023150166496634483,0.0007443638751283288,0.08347717672586441,1.0621285438537598
norm_1_loss_l1_ema_scheduled,27,740,0.00804684218019247,0.023429011926054955,0.0009018589626066387,0.08435826748609543,1.0618196725845337
norm_1_loss_l1_ema_scheduled,27,760,0.007212323602288961,0.023874958977103233,0.0008340746280737221,0.08655527979135513,1.0604157447814941
norm_1_loss_l1_ema_scheduled,27,780,0.005937797948718071,0.02466222085058689,0.0009418899426236749,0.08970796316862106,1.057654619216919
norm_1_loss_l1_ema_scheduled,27,800,0.00608647707849741,0.02465987205505371,0.0008656815043650568,0.08959001302719116,1.058296799659729
norm_1_loss_l1_ema_scheduled,27,820,0.006877342704683542,0.025152310729026794,0.0012795438524335623,0.09208230674266815,1.057287573814392
norm_1_loss_l1_ema_scheduled,27,840,0.00815888587385416,0.02508828602731228,0.0013909968547523022,0.09225217252969742,1.0584222078323364
norm_1_loss_l1_ema_scheduled,27,860,0.0055612423457205296,0.025793254375457764,0.0019205552525818348,0.09509767591953278,1.0568691492080688
norm_1_loss_l1_ema_scheduled,27,880,0.006518082227557898,0.02637130580842495,0.002159522846341133,0.09743388742208481,1.056850552558899
norm_1_loss_l1_ema_scheduled,27,900,0.00627126544713974,0.02719462476670742,0.0023065523710101843,0.10071048885583878,1.055519700050354
norm_1_loss_l1_ema_scheduled,27,920,0.006449065171182156,0.02736944891512394,0.002437576185911894,0.10114686191082001,1.056395173072815
norm_1_loss_l1_ema_scheduled,27,940,0.005889658350497484,0.0283462256193161,0.0024469662457704544,0.10540589690208435,1.0558809041976929
norm_1_loss_l1_ema_scheduled,27,960,0.004572042729705572,0.02854863367974758,0.0022534437011927366,0.10640929639339447,1.0555893182754517
norm_1_loss_l1_ema_scheduled,27,980,0.007739691529422998,0.02853546477854252,0.0026483051478862762,0.10605832934379578,1.0564669370651245
norm_1_loss_l1_ema_scheduled,27,1000,0.006396883632987738,0.029170652851462364,0.0024218179751187563,0.1090751364827156,1.055443525314331
norm_1_loss_l1_ema_scheduled,27,1020,0.00534559041261673,0.029353072866797447,0.0023206304758787155,0.1097002848982811,1.0552668571472168
norm_1_loss_l1_ema_scheduled,27,1040,0.006103661842644215,0.02984868548810482,0.002343716099858284,0.11168557405471802,1.0547410249710083
norm_1_loss_l1_ema_scheduled,27,1060,0.010084682144224644,0.030067389830946922,0.0021153725683689117,0.11238168179988861,1.055267333984375
norm_1_loss_l1_ema_scheduled,27,1080,0.007401999086141586,0.030381808057427406,0.0023132995702326298,0.11364903301000595,1.0555018186569214
norm_1_loss_l1_ema_scheduled,27,1100,0.006405351683497429,0.030937237665057182,0.002231692196801305,0.11623549461364746,1.0543256998062134
norm_1_loss_l1_ema_scheduled,27,1120,0.0077037508599460125,0.030781500041484833,0.0023770539555698633,0.1155979260802269,1.0552562475204468
norm_1_loss_l1_ema_scheduled,27,1140,0.005949393846094608,0.031586576253175735,0.0020528563763946295,0.11890653520822525,1.0541105270385742
norm_1_loss_l1_ema_scheduled,27,1160,0.00617171311751008,0.03124619834125042,0.0021036893595010042,0.11776819080114365,1.0550183057785034
norm_1_loss_l1_ema_scheduled,27,1180,0.007441085297614336,0.03122653253376484,0.0024663100484758615,0.11727134138345718,1.057251214981079
norm_1_loss_l1_ema_scheduled,27,1200,0.005357285030186176,0.03173096850514412,0.001978933811187744,0.11993008106946945,1.0559896230697632
norm_1_loss_l1_ema_scheduled,27,1220,0.005110935308039188,0.03302538022398949,0.0021082372404634953,0.12473038583993912,1.05549156665802
norm_1_loss_l1_ema_scheduled,27,1240,0.00537453405559063,0.03285639360547066,0.0021007682662457228,0.12412717938423157,1.0549523830413818
norm_1_loss_l1_ema_scheduled,27,1260,0.004390543792396784,0.033042941242456436,0.0019951360300183296,0.1250503957271576,1.0548079013824463
norm_1_loss_l1_ema_scheduled,27,1280,0.006277631502598524,0.033274512737989426,0.0020062390249222517,0.12584862112998962,1.055675745010376
norm_1_loss_l1_ema_scheduled,27,1300,0.005701836664229631,0.03343719244003296,0.002713217865675688,0.1262960284948349,1.0565468072891235
norm_1_loss_l1_ema_scheduled,27,1320,0.005507478956133127,0.03397652879357338,0.0021028686314821243,0.12861046195030212,1.0555036067962646
norm_1_loss_l1_ema_scheduled,27,1340,0.006106185726821423,0.03392631933093071,0.0021795632783323526,0.12868760526180267,1.0551214218139648
norm_1_loss_l1_ema_scheduled,27,1360,0.005708346143364906,0.0342109389603138,0.002141142962500453,0.13005594909191132,1.0546327829360962
norm_1_loss_l1_ema_scheduled,27,1380,0.0034103200305253267,0.033754974603652954,0.002254920545965433,0.12816207110881805,1.0555223226547241
norm_1_loss_l1_ema_scheduled,27,1400,0.005880855489522219,0.0339914970099926,0.0022023841738700867,0.12902867794036865,1.0551369190216064
norm_1_loss_l1_ema_scheduled,27,1420,0.00557095929980278,0.033939018845558167,0.0022689898032695055,0.12859098613262177,1.0550241470336914
norm_1_loss_l1_ema_scheduled,27,1440,0.006261353846639395,0.03418279066681862,0.0022796408738940954,0.12957316637039185,1.0545490980148315
